date,OT,STD,Number of Observations
1749/1/1 0:00,96.7,-1,-1
1749/2/1 0:00,104.3,-1,-1
1749/3/1 0:00,116.7,-1,-1
1749/4/1 0:00,92.8,-1,-1
1749/5/1 0:00,141.7,-1,-1
1749/6/1 0:00,139.2,-1,-1
1749/7/1 0:00,158,-1,-1
1749/8/1 0:00,110.5,-1,-1
1749/9/1 0:00,126.5,-1,-1
1749/10/1 0:00,125.8,-1,-1
1749/11/1 0:00,264.3,-1,-1
1749/12/1 0:00,142,-1,-1
1750/1/1 0:00,122.2,-1,-1
1750/2/1 0:00,126.5,-1,-1
1750/3/1 0:00,148.7,-1,-1
1750/4/1 0:00,147.2,-1,-1
1750/5/1 0:00,150,-1,-1
1750/6/1 0:00,166.7,-1,-1
1750/7/1 0:00,142.3,-1,-1
1750/8/1 0:00,171.7,-1,-1
1750/9/1 0:00,152,-1,-1
1750/10/1 0:00,109.5,-1,-1
1750/11/1 0:00,105.5,-1,-1
1750/12/1 0:00,125.7,-1,-1
1751/1/1 0:00,116.7,-1,-1
1751/2/1 0:00,72.5,-1,-1
1751/3/1 0:00,75.5,-1,-1
1751/4/1 0:00,94,-1,-1
1751/5/1 0:00,101.2,-1,-1
1751/6/1 0:00,84.5,-1,-1
1751/7/1 0:00,110.5,-1,-1
1751/8/1 0:00,99.7,-1,-1
1751/9/1 0:00,39.2,-1,-1
1751/10/1 0:00,38.7,-1,-1
1751/11/1 0:00,47.5,-1,-1
1751/12/1 0:00,73.3,-1,-1
1752/1/1 0:00,58.3,-1,-1
1752/2/1 0:00,83.3,-1,-1
1752/3/1 0:00,118.3,-1,-1
1752/4/1 0:00,98.8,-1,-1
1752/5/1 0:00,99.5,-1,-1
1752/6/1 0:00,66,-1,-1
1752/7/1 0:00,130.7,-1,-1
1752/8/1 0:00,48.8,-1,-1
1752/9/1 0:00,45.2,-1,-1
1752/10/1 0:00,77.7,-1,-1
1752/11/1 0:00,62.7,-1,-1
1752/12/1 0:00,66.7,-1,-1
1753/1/1 0:00,73.3,-1,-1
1753/2/1 0:00,53.3,-1,-1
1753/3/1 0:00,76.2,-1,-1
1753/4/1 0:00,63.3,-1,-1
1753/5/1 0:00,60,-1,-1
1753/6/1 0:00,52.8,-1,-1
1753/7/1 0:00,36.7,-1,-1
1753/8/1 0:00,65,-1,-1
1753/9/1 0:00,46.7,-1,-1
1753/10/1 0:00,41.7,-1,-1
1753/11/1 0:00,33.3,-1,-1
1753/12/1 0:00,11.2,-1,-1
1754/1/1 0:00,0,-1,-1
1754/2/1 0:00,5,-1,-1
1754/3/1 0:00,2.8,-1,-1
1754/4/1 0:00,22.8,-1,-1
1754/5/1 0:00,34.5,-1,-1
1754/6/1 0:00,44.5,-1,-1
1754/7/1 0:00,31.3,-1,-1
1754/8/1 0:00,20.5,-1,-1
1754/9/1 0:00,13.7,-1,-1
1754/10/1 0:00,40.2,-1,-1
1754/11/1 0:00,22,-1,-1
1754/12/1 0:00,7,-1,-1
1755/1/1 0:00,17,-1,-1
1755/2/1 0:00,18.7,-1,-1
1755/3/1 0:00,11.3,-1,-1
1755/4/1 0:00,10.8,-1,-1
1755/5/1 0:00,0,-1,-1
1755/6/1 0:00,0,-1,-1
1755/7/1 0:00,14.3,-1,-1
1755/8/1 0:00,5.3,-1,-1
1755/9/1 0:00,29.7,-1,-1
1755/10/1 0:00,39.5,-1,-1
1755/11/1 0:00,11.3,-1,-1
1755/12/1 0:00,33.3,-1,-1
1756/1/1 0:00,20.8,-1,-1
1756/2/1 0:00,11.8,-1,-1
1756/3/1 0:00,9,-1,-1
1756/4/1 0:00,15.7,-1,-1
1756/5/1 0:00,20.8,-1,-1
1756/6/1 0:00,21.5,-1,-1
1756/7/1 0:00,6,-1,-1
1756/8/1 0:00,10.7,-1,-1
1756/9/1 0:00,19.7,-1,-1
1756/10/1 0:00,23.8,-1,-1
1756/11/1 0:00,28.3,-1,-1
1756/12/1 0:00,15.7,-1,-1
1757/1/1 0:00,23.5,-1,-1
1757/2/1 0:00,35.3,-1,-1
1757/3/1 0:00,43.7,-1,-1
1757/4/1 0:00,50,-1,-1
1757/5/1 0:00,63.5,-1,-1
1757/6/1 0:00,21.3,-1,-1
1757/7/1 0:00,41.7,-1,-1
1757/8/1 0:00,85.5,-1,-1
1757/9/1 0:00,66.2,-1,-1
1757/10/1 0:00,54.2,-1,-1
1757/11/1 0:00,107.8,-1,-1
1757/12/1 0:00,55.8,-1,-1
1758/1/1 0:00,62.7,-1,-1
1758/2/1 0:00,86.7,-1,-1
1758/3/1 0:00,81.7,-1,-1
1758/4/1 0:00,120.5,-1,-1
1758/5/1 0:00,77.3,-1,-1
1758/6/1 0:00,75,-1,-1
1758/7/1 0:00,73.3,-1,-1
1758/8/1 0:00,64.5,-1,-1
1758/9/1 0:00,104.2,-1,-1
1758/10/1 0:00,62.8,-1,-1
1758/11/1 0:00,71.7,-1,-1
1758/12/1 0:00,71.7,-1,-1
1759/1/1 0:00,80.5,-1,-1
1759/2/1 0:00,73.3,-1,-1
1759/3/1 0:00,78,-1,-1
1759/4/1 0:00,78.3,-1,-1
1759/5/1 0:00,81.7,-1,-1
1759/6/1 0:00,83.3,-1,-1
1759/7/1 0:00,85,-1,-1
1759/8/1 0:00,118.8,-1,-1
1759/9/1 0:00,128.7,-1,-1
1759/10/1 0:00,99.5,-1,-1
1759/11/1 0:00,77.2,-1,-1
1759/12/1 0:00,95,-1,-1
1760/1/1 0:00,112.2,-1,-1
1760/2/1 0:00,99.2,-1,-1
1760/3/1 0:00,124.5,-1,-1
1760/4/1 0:00,97.2,-1,-1
1760/5/1 0:00,120,-1,-1
1760/6/1 0:00,80.5,-1,-1
1760/7/1 0:00,110,-1,-1
1760/8/1 0:00,126,-1,-1
1760/9/1 0:00,102.2,-1,-1
1760/10/1 0:00,84.3,-1,-1
1760/11/1 0:00,99.5,-1,-1
1760/12/1 0:00,101.7,-1,-1
1761/1/1 0:00,116.7,-1,-1
1761/2/1 0:00,151.7,-1,-1
1761/3/1 0:00,134.5,-1,-1
1761/4/1 0:00,119.5,-1,-1
1761/5/1 0:00,178.7,-1,-1
1761/6/1 0:00,165.5,-1,-1
1761/7/1 0:00,156.8,-1,-1
1761/8/1 0:00,151.8,-1,-1
1761/9/1 0:00,167.8,-1,-1
1761/10/1 0:00,147.8,-1,-1
1761/11/1 0:00,149.5,-1,-1
1761/12/1 0:00,76.7,-1,-1
1762/1/1 0:00,73,-1,-1
1762/2/1 0:00,121.3,-1,-1
1762/3/1 0:00,76.2,-1,-1
1762/4/1 0:00,100.3,-1,-1
1762/5/1 0:00,66.5,-1,-1
1762/6/1 0:00,128.5,-1,-1
1762/7/1 0:00,56.3,-1,-1
1762/8/1 0:00,112.8,-1,-1
1762/9/1 0:00,114.2,-1,-1
1762/10/1 0:00,115.5,-1,-1
1762/11/1 0:00,129.7,-1,-1
1762/12/1 0:00,128.7,-1,-1
1763/1/1 0:00,94.2,-1,-1
1763/2/1 0:00,53.2,-1,-1
1763/3/1 0:00,57,-1,-1
1763/4/1 0:00,54.8,-1,-1
1763/5/1 0:00,54.5,-1,-1
1763/6/1 0:00,59.7,-1,-1
1763/7/1 0:00,90.3,-1,-1
1763/8/1 0:00,44.2,-1,-1
1763/9/1 0:00,113.5,-1,-1
1763/10/1 0:00,77.2,-1,-1
1763/11/1 0:00,101.5,-1,-1
1763/12/1 0:00,102.3,-1,-1
1764/1/1 0:00,99.5,-1,-1
1764/2/1 0:00,99.5,-1,-1
1764/3/1 0:00,67,-1,-1
1764/4/1 0:00,57.3,-1,-1
1764/5/1 0:00,73.8,-1,-1
1764/6/1 0:00,50,-1,-1
1764/7/1 0:00,50,-1,-1
1764/8/1 0:00,50,-1,-1
1764/9/1 0:00,47,-1,-1
1764/10/1 0:00,46.7,-1,-1
1764/11/1 0:00,43.3,-1,-1
1764/12/1 0:00,42.8,-1,-1
1765/1/1 0:00,40,-1,-1
1765/2/1 0:00,43.3,-1,-1
1765/3/1 0:00,41.7,-1,-1
1765/4/1 0:00,36.7,-1,-1
1765/5/1 0:00,33.7,-1,-1
1765/6/1 0:00,33.3,-1,-1
1765/7/1 0:00,45,-1,-1
1765/8/1 0:00,49.5,-1,-1
1765/9/1 0:00,26.7,-1,-1
1765/10/1 0:00,23.3,-1,-1
1765/11/1 0:00,23.3,-1,-1
1765/12/1 0:00,21.7,-1,-1
1766/1/1 0:00,20,-1,-1
1766/2/1 0:00,18.3,-1,-1
1766/3/1 0:00,61,-1,-1
1766/4/1 0:00,10,-1,-1
1766/5/1 0:00,44.7,-1,-1
1766/6/1 0:00,5,-1,-1
1766/7/1 0:00,5.5,-1,-1
1766/8/1 0:00,6.7,-1,-1
1766/9/1 0:00,7.2,-1,-1
1766/10/1 0:00,8.3,-1,-1
1766/11/1 0:00,9.5,-1,-1
1766/12/1 0:00,32,-1,-1
1767/1/1 0:00,45.7,-1,-1
1767/2/1 0:00,50,-1,-1
1767/3/1 0:00,71.7,-1,-1
1767/4/1 0:00,54.8,-1,-1
1767/5/1 0:00,49.7,-1,-1
1767/6/1 0:00,55.5,-1,-1
1767/7/1 0:00,36.5,-1,-1
1767/8/1 0:00,68,-1,-1
1767/9/1 0:00,71.2,-1,-1
1767/10/1 0:00,73.5,-1,-1
1767/11/1 0:00,91.2,-1,-1
1767/12/1 0:00,88.8,-1,-1
1768/1/1 0:00,89.2,-1,-1
1768/2/1 0:00,110.2,-1,-1
1768/3/1 0:00,77.2,-1,-1
1768/4/1 0:00,71.2,-1,-1
1768/5/1 0:00,129.5,-1,-1
1768/6/1 0:00,129,-1,-1
1768/7/1 0:00,87.7,-1,-1
1768/8/1 0:00,111.3,-1,-1
1768/9/1 0:00,124.7,-1,-1
1768/10/1 0:00,129.7,-1,-1
1768/11/1 0:00,151,-1,-1
1768/12/1 0:00,186.3,-1,-1
1769/1/1 0:00,123.2,-1,-1
1769/2/1 0:00,107,-1,-1
1769/3/1 0:00,107.2,-1,-1
1769/4/1 0:00,161.2,-1,-1
1769/5/1 0:00,122.7,-1,-1
1769/6/1 0:00,157.3,-1,-1
1769/7/1 0:00,197.7,-1,-1
1769/8/1 0:00,200.5,-1,-1
1769/9/1 0:00,248,-1,-1
1769/10/1 0:00,263.7,-1,-1
1769/11/1 0:00,246.8,-1,-1
1769/12/1 0:00,186.7,-1,-1
1770/1/1 0:00,173.3,-1,-1
1770/2/1 0:00,237.5,-1,-1
1770/3/1 0:00,133.5,-1,-1
1770/4/1 0:00,85,-1,-1
1770/5/1 0:00,116.8,-1,-1
1770/6/1 0:00,138.8,-1,-1
1770/7/1 0:00,183,-1,-1
1770/8/1 0:00,210.5,-1,-1
1770/9/1 0:00,174,-1,-1
1770/10/1 0:00,172.7,-1,-1
1770/11/1 0:00,220.3,-1,-1
1770/12/1 0:00,170.5,-1,-1
1771/1/1 0:00,60,-1,-1
1771/2/1 0:00,77,-1,-1
1771/3/1 0:00,77.8,-1,-1
1771/4/1 0:00,108.2,-1,-1
1771/5/1 0:00,254.5,-1,-1
1771/6/1 0:00,199.2,-1,-1
1771/7/1 0:00,112.8,-1,-1
1771/8/1 0:00,97.5,-1,-1
1771/9/1 0:00,169,-1,-1
1771/10/1 0:00,150,-1,-1
1771/11/1 0:00,166.2,-1,-1
1771/12/1 0:00,159.5,-1,-1
1772/1/1 0:00,168.2,-1,-1
1772/2/1 0:00,151.3,-1,-1
1772/3/1 0:00,51.8,-1,-1
1772/4/1 0:00,153.7,-1,-1
1772/5/1 0:00,63.3,-1,-1
1772/6/1 0:00,95,-1,-1
1772/7/1 0:00,128.8,-1,-1
1772/8/1 0:00,93.7,-1,-1
1772/9/1 0:00,84.2,-1,-1
1772/10/1 0:00,131,-1,-1
1772/11/1 0:00,102.2,-1,-1
1772/12/1 0:00,106.7,-1,-1
1773/1/1 0:00,91,-1,-1
1773/2/1 0:00,48.3,-1,-1
1773/3/1 0:00,85.3,-1,-1
1773/4/1 0:00,54.8,-1,-1
1773/5/1 0:00,68.5,-1,-1
1773/6/1 0:00,47.3,-1,-1
1773/7/1 0:00,46.2,-1,-1
1773/8/1 0:00,21.2,-1,-1
1773/9/1 0:00,48.8,-1,-1
1773/10/1 0:00,43.8,-1,-1
1773/11/1 0:00,68.2,-1,-1
1773/12/1 0:00,72,-1,-1
1774/1/1 0:00,78,-1,-1
1774/2/1 0:00,109,-1,-1
1774/3/1 0:00,92.8,-1,-1
1774/4/1 0:00,73,-1,-1
1774/5/1 0:00,85.5,-1,-1
1774/6/1 0:00,47.5,-1,-1
1774/7/1 0:00,29.2,-1,-1
1774/8/1 0:00,11,-1,-1
1774/9/1 0:00,13.2,-1,-1
1774/10/1 0:00,23.3,-1,-1
1774/11/1 0:00,29.5,-1,-1
1774/12/1 0:00,20.3,-1,-1
1775/1/1 0:00,7.3,-1,-1
1775/2/1 0:00,0,-1,-1
1775/3/1 0:00,19.3,-1,-1
1775/4/1 0:00,18.7,-1,-1
1775/5/1 0:00,6.5,-1,-1
1775/6/1 0:00,20.5,-1,-1
1775/7/1 0:00,1.7,-1,-1
1775/8/1 0:00,13.2,-1,-1
1775/9/1 0:00,5.3,-1,-1
1775/10/1 0:00,9.3,-1,-1
1775/11/1 0:00,25.2,-1,-1
1775/12/1 0:00,13.2,-1,-1
1776/1/1 0:00,36.2,-1,-1
1776/2/1 0:00,19.3,-1,-1
1776/3/1 0:00,10.5,-1,-1
1776/4/1 0:00,36.3,-1,-1
1776/5/1 0:00,18.7,-1,-1
1776/6/1 0:00,31.7,-1,-1
1776/7/1 0:00,1.7,-1,-1
1776/8/1 0:00,40.3,-1,-1
1776/9/1 0:00,26.7,-1,-1
1776/10/1 0:00,50,-1,-1
1776/11/1 0:00,58.3,-1,-1
1776/12/1 0:00,66.7,-1,-1
1777/1/1 0:00,75,-1,-1
1777/2/1 0:00,60.8,-1,-1
1777/3/1 0:00,65,-1,-1
1777/4/1 0:00,159.2,-1,-1
1777/5/1 0:00,133.8,-1,-1
1777/6/1 0:00,134.5,-1,-1
1777/7/1 0:00,158.3,-1,-1
1777/8/1 0:00,186.7,-1,-1
1777/9/1 0:00,193.7,-1,-1
1777/10/1 0:00,177.5,-1,-1
1777/11/1 0:00,243.3,-1,-1
1777/12/1 0:00,262.2,-1,-1
1778/1/1 0:00,295.5,-1,-1
1778/2/1 0:00,182.2,-1,-1
1778/3/1 0:00,223.3,-1,-1
1778/4/1 0:00,241.7,-1,-1
1778/5/1 0:00,398.2,-1,-1
1778/6/1 0:00,286,-1,-1
1778/7/1 0:00,255,-1,-1
1778/8/1 0:00,233.3,-1,-1
1778/9/1 0:00,286.2,-1,-1
1778/10/1 0:00,260.5,-1,-1
1778/11/1 0:00,250.5,-1,-1
1778/12/1 0:00,175,-1,-1
1779/1/1 0:00,191.2,-1,-1
1779/2/1 0:00,276.2,-1,-1
1779/3/1 0:00,196.7,-1,-1
1779/4/1 0:00,241.7,-1,-1
1779/5/1 0:00,233.3,-1,-1
1779/6/1 0:00,189.5,-1,-1
1779/7/1 0:00,238.3,-1,-1
1779/8/1 0:00,186.7,-1,-1
1779/9/1 0:00,185,-1,-1
1779/10/1 0:00,206.7,-1,-1
1779/11/1 0:00,190,-1,-1
1779/12/1 0:00,183.3,-1,-1
1780/1/1 0:00,116.7,-1,-1
1780/2/1 0:00,163.3,-1,-1
1780/3/1 0:00,163.3,-1,-1
1780/4/1 0:00,158.3,-1,-1
1780/5/1 0:00,178.7,-1,-1
1780/6/1 0:00,146.7,-1,-1
1780/7/1 0:00,143.3,-1,-1
1780/8/1 0:00,143.3,-1,-1
1780/9/1 0:00,156.2,-1,-1
1780/10/1 0:00,128.3,-1,-1
1780/11/1 0:00,100,-1,-1
1780/12/1 0:00,97.8,-1,-1
1781/1/1 0:00,164.5,-1,-1
1781/2/1 0:00,124.5,-1,-1
1781/3/1 0:00,88.3,-1,-1
1781/4/1 0:00,113.8,-1,-1
1781/5/1 0:00,174.5,-1,-1
1781/6/1 0:00,162.8,-1,-1
1781/7/1 0:00,122.5,-1,-1
1781/8/1 0:00,110,-1,-1
1781/9/1 0:00,85,-1,-1
1781/10/1 0:00,45.5,-1,-1
1781/11/1 0:00,111.7,-1,-1
1781/12/1 0:00,58.7,-1,-1
1782/1/1 0:00,90,-1,-1
1782/2/1 0:00,62.5,-1,-1
1782/3/1 0:00,61.7,-1,-1
1782/4/1 0:00,68.3,-1,-1
1782/5/1 0:00,90.5,-1,-1
1782/6/1 0:00,63.3,-1,-1
1782/7/1 0:00,61.7,-1,-1
1782/8/1 0:00,73.3,-1,-1
1782/9/1 0:00,56.7,-1,-1
1782/10/1 0:00,38.7,-1,-1
1782/11/1 0:00,52.5,-1,-1
1782/12/1 0:00,50,-1,-1
1783/1/1 0:00,46.7,-1,-1
1783/2/1 0:00,64.5,-1,-1
1783/3/1 0:00,44.5,-1,-1
1783/4/1 0:00,47.2,-1,-1
1783/5/1 0:00,38.3,-1,-1
1783/6/1 0:00,42,-1,-1
1783/7/1 0:00,53.7,-1,-1
1783/8/1 0:00,33.3,-1,-1
1783/9/1 0:00,30,-1,-1
1783/10/1 0:00,13.3,-1,-1
1783/11/1 0:00,25,-1,-1
1783/12/1 0:00,17.5,-1,-1
1784/1/1 0:00,21.7,-1,-1
1784/2/1 0:00,13.3,-1,-1
1784/3/1 0:00,18.3,-1,-1
1784/4/1 0:00,16.7,-1,-1
1784/5/1 0:00,10,-1,-1
1784/6/1 0:00,15,-1,-1
1784/7/1 0:00,10,-1,-1
1784/8/1 0:00,16.7,-1,-1
1784/9/1 0:00,16.7,-1,-1
1784/10/1 0:00,13.3,-1,-1
1784/11/1 0:00,28.3,-1,-1
1784/12/1 0:00,23.3,-1,-1
1785/1/1 0:00,10.8,-1,-1
1785/2/1 0:00,13.3,-1,-1
1785/3/1 0:00,15,-1,-1
1785/4/1 0:00,26.2,-1,-1
1785/5/1 0:00,34.5,-1,-1
1785/6/1 0:00,43.8,-1,-1
1785/7/1 0:00,60.5,-1,-1
1785/8/1 0:00,33.3,-1,-1
1785/9/1 0:00,53.3,-1,-1
1785/10/1 0:00,78.7,-1,-1
1785/11/1 0:00,67,-1,-1
1785/12/1 0:00,45.5,-1,-1
1786/1/1 0:00,62,-1,-1
1786/2/1 0:00,79.3,-1,-1
1786/3/1 0:00,79.5,-1,-1
1786/4/1 0:00,142.3,-1,-1
1786/5/1 0:00,153.8,-1,-1
1786/6/1 0:00,98.3,-1,-1
1786/7/1 0:00,138.3,-1,-1
1786/8/1 0:00,149.5,-1,-1
1786/9/1 0:00,185.8,-1,-1
1786/10/1 0:00,187.2,-1,-1
1786/11/1 0:00,193.3,-1,-1
1786/12/1 0:00,187.8,-1,-1
1787/1/1 0:00,224.5,-1,-1
1787/2/1 0:00,176.7,-1,-1
1787/3/1 0:00,145.7,-1,-1
1787/4/1 0:00,212,-1,-1
1787/5/1 0:00,224.7,-1,-1
1787/6/1 0:00,165.3,-1,-1
1787/7/1 0:00,213.3,-1,-1
1787/8/1 0:00,228.7,-1,-1
1787/9/1 0:00,262.2,-1,-1
1787/10/1 0:00,261.7,-1,-1
1787/11/1 0:00,235.8,-1,-1
1787/12/1 0:00,290,-1,-1
1788/1/1 0:00,230,-1,-1
1788/2/1 0:00,215.3,-1,-1
1788/3/1 0:00,238.8,-1,-1
1788/4/1 0:00,180.8,-1,-1
1788/5/1 0:00,188.3,-1,-1
1788/6/1 0:00,257,-1,-1
1788/7/1 0:00,235.8,-1,-1
1788/8/1 0:00,226.7,-1,-1
1788/9/1 0:00,235,-1,-1
1788/10/1 0:00,236.7,-1,-1
1788/11/1 0:00,157.8,-1,-1
1788/12/1 0:00,215.8,-1,-1
1789/1/1 0:00,190,-1,-1
1789/2/1 0:00,208.8,-1,-1
1789/3/1 0:00,200,-1,-1
1789/4/1 0:00,205.5,-1,-1
1789/5/1 0:00,205.8,-1,-1
1789/6/1 0:00,200,-1,-1
1789/7/1 0:00,195,-1,-1
1789/8/1 0:00,171.7,-1,-1
1789/9/1 0:00,186.7,-1,-1
1789/10/1 0:00,149.5,-1,-1
1789/11/1 0:00,223.3,-1,-1
1789/12/1 0:00,225.8,-1,-1
1790/1/1 0:00,171.7,-1,-1
1790/2/1 0:00,212.5,-1,-1
1790/3/1 0:00,160.5,-1,-1
1790/4/1 0:00,156.7,-1,-1
1790/5/1 0:00,155,-1,-1
1790/6/1 0:00,151.7,-1,-1
1790/7/1 0:00,115.5,-1,-1
1790/8/1 0:00,145,-1,-1
1790/9/1 0:00,128.8,-1,-1
1790/10/1 0:00,140.5,-1,-1
1790/11/1 0:00,136.7,-1,-1
1790/12/1 0:00,123.3,-1,-1
1791/1/1 0:00,121.2,-1,-1
1791/2/1 0:00,103.3,-1,-1
1791/3/1 0:00,123.3,-1,-1
1791/4/1 0:00,128.7,-1,-1
1791/5/1 0:00,122.8,-1,-1
1791/6/1 0:00,107,-1,-1
1791/7/1 0:00,118.3,-1,-1
1791/8/1 0:00,71.7,-1,-1
1791/9/1 0:00,110.8,-1,-1
1791/10/1 0:00,102.8,-1,-1
1791/11/1 0:00,111.7,-1,-1
1791/12/1 0:00,110,-1,-1
1792/1/1 0:00,96.7,-1,-1
1792/2/1 0:00,106.7,-1,-1
1792/3/1 0:00,105,-1,-1
1792/4/1 0:00,126.2,-1,-1
1792/5/1 0:00,103.3,-1,-1
1792/6/1 0:00,101.7,-1,-1
1792/7/1 0:00,76.3,-1,-1
1792/8/1 0:00,100,-1,-1
1792/9/1 0:00,98.3,-1,-1
1792/10/1 0:00,98.3,-1,-1
1792/11/1 0:00,95,-1,-1
1792/12/1 0:00,93.3,-1,-1
1793/1/1 0:00,93.3,-1,-1
1793/2/1 0:00,91.7,-1,-1
1793/3/1 0:00,92.5,-1,-1
1793/4/1 0:00,88.3,-1,-1
1793/5/1 0:00,87.2,-1,-1
1793/6/1 0:00,85,-1,-1
1793/7/1 0:00,83.3,-1,-1
1793/8/1 0:00,48.8,-1,-1
1793/9/1 0:00,40,-1,-1
1793/10/1 0:00,78.3,-1,-1
1793/11/1 0:00,73.3,-1,-1
1793/12/1 0:00,76.2,-1,-1
1794/1/1 0:00,75,-1,-1
1794/2/1 0:00,73.3,-1,-1
1794/3/1 0:00,63.3,-1,-1
1794/4/1 0:00,47.3,-1,-1
1794/5/1 0:00,92.8,-1,-1
1794/6/1 0:00,69.2,-1,-1
1794/7/1 0:00,68.3,-1,-1
1794/8/1 0:00,66.7,-1,-1
1794/9/1 0:00,18.5,-1,-1
1794/10/1 0:00,47.5,-1,-1
1794/11/1 0:00,112.3,-1,-1
1794/12/1 0:00,85.7,-1,-1
1795/1/1 0:00,35.7,-1,-1
1795/2/1 0:00,66.5,-1,-1
1795/3/1 0:00,21,-1,-1
1795/4/1 0:00,31,-1,-1
1795/5/1 0:00,51.7,-1,-1
1795/6/1 0:00,28.5,-1,-1
1795/7/1 0:00,21.5,-1,-1
1795/8/1 0:00,42.8,-1,-1
1795/9/1 0:00,22.5,-1,-1
1795/10/1 0:00,32.5,-1,-1
1795/11/1 0:00,41.7,-1,-1
1795/12/1 0:00,30,-1,-1
1796/1/1 0:00,36.7,-1,-1
1796/2/1 0:00,39.7,-1,-1
1796/3/1 0:00,26.2,-1,-1
1796/4/1 0:00,52.8,-1,-1
1796/5/1 0:00,35,-1,-1
1796/6/1 0:00,11.2,-1,-1
1796/7/1 0:00,44.8,-1,-1
1796/8/1 0:00,2.5,-1,-1
1796/9/1 0:00,30.7,-1,-1
1796/10/1 0:00,18.3,-1,-1
1796/11/1 0:00,14,-1,-1
1796/12/1 0:00,8.5,-1,-1
1797/1/1 0:00,24,-1,-1
1797/2/1 0:00,7,-1,-1
1797/3/1 0:00,6.7,-1,-1
1797/4/1 0:00,6.7,-1,-1
1797/5/1 0:00,12.2,-1,-1
1797/6/1 0:00,18.5,-1,-1
1797/7/1 0:00,7.2,-1,-1
1797/8/1 0:00,10,-1,-1
1797/9/1 0:00,9.5,-1,-1
1797/10/1 0:00,11.5,-1,-1
1797/11/1 0:00,9.7,-1,-1
1797/12/1 0:00,5,-1,-1
1798/1/1 0:00,3.3,-1,-1
1798/2/1 0:00,6.7,-1,-1
1798/3/1 0:00,20.7,-1,-1
1798/4/1 0:00,1.8,-1,-1
1798/5/1 0:00,0,-1,-1
1798/6/1 0:00,0,-1,-1
1798/7/1 0:00,0,-1,-1
1798/8/1 0:00,5,-1,-1
1798/9/1 0:00,4,-1,-1
1798/10/1 0:00,2.5,-1,-1
1798/11/1 0:00,20.8,-1,-1
1798/12/1 0:00,16.5,-1,-1
1799/1/1 0:00,2.7,-1,-1
1799/2/1 0:00,21,-1,-1
1799/3/1 0:00,36.2,-1,-1
1799/4/1 0:00,14,-1,-1
1799/5/1 0:00,13.7,-1,-1
1799/6/1 0:00,17.7,-1,-1
1799/7/1 0:00,3.5,-1,-1
1799/8/1 0:00,0,-1,-1
1799/9/1 0:00,0,-1,-1
1799/10/1 0:00,7.7,-1,-1
1799/11/1 0:00,4.5,-1,-1
1799/12/1 0:00,14.3,-1,-1
1800/1/1 0:00,11.5,-1,-1
1800/2/1 0:00,15.5,-1,-1
1800/3/1 0:00,23.2,-1,-1
1800/4/1 0:00,0,-1,-1
1800/5/1 0:00,8.3,-1,-1
1800/6/1 0:00,39.5,-1,-1
1800/7/1 0:00,35,-1,-1
1800/8/1 0:00,32.5,-1,-1
1800/9/1 0:00,19.2,-1,-1
1800/10/1 0:00,20.5,-1,-1
1800/11/1 0:00,17.5,-1,-1
1800/12/1 0:00,66.8,-1,-1
1801/1/1 0:00,45,-1,-1
1801/2/1 0:00,48.3,-1,-1
1801/3/1 0:00,50,-1,-1
1801/4/1 0:00,51.7,-1,-1
1801/5/1 0:00,53.3,-1,-1
1801/6/1 0:00,52,-1,-1
1801/7/1 0:00,58.3,-1,-1
1801/8/1 0:00,64.5,-1,-1
1801/9/1 0:00,55.8,-1,-1
1801/10/1 0:00,54.3,-1,-1
1801/11/1 0:00,66.3,-1,-1
1801/12/1 0:00,80.3,-1,-1
1802/1/1 0:00,79.7,-1,-1
1802/2/1 0:00,78.3,-1,-1
1802/3/1 0:00,68,-1,-1
1802/4/1 0:00,70,-1,-1
1802/5/1 0:00,73.3,-1,-1
1802/6/1 0:00,76.7,-1,-1
1802/7/1 0:00,80,-1,-1
1802/8/1 0:00,83.3,-1,-1
1802/9/1 0:00,86.3,-1,-1
1802/10/1 0:00,64.2,-1,-1
1802/11/1 0:00,57.5,-1,-1
1802/12/1 0:00,83.3,-1,-1
1803/1/1 0:00,83.3,-1,-1
1803/2/1 0:00,84.7,-1,-1
1803/3/1 0:00,49.2,-1,-1
1803/4/1 0:00,41.7,-1,-1
1803/5/1 0:00,73.8,-1,-1
1803/6/1 0:00,60,-1,-1
1803/7/1 0:00,80.5,-1,-1
1803/8/1 0:00,56.8,-1,-1
1803/9/1 0:00,75.5,-1,-1
1803/10/1 0:00,90.5,-1,-1
1803/11/1 0:00,85,-1,-1
1803/12/1 0:00,80,-1,-1
1804/1/1 0:00,75.5,-1,-1
1804/2/1 0:00,80.5,-1,-1
1804/3/1 0:00,80,-1,-1
1804/4/1 0:00,84.3,-1,-1
1804/5/1 0:00,55.7,-1,-1
1804/6/1 0:00,58,-1,-1
1804/7/1 0:00,49.7,-1,-1
1804/8/1 0:00,71.8,-1,-1
1804/9/1 0:00,88.3,-1,-1
1804/10/1 0:00,103.8,-1,-1
1804/11/1 0:00,101.7,-1,-1
1804/12/1 0:00,100,-1,-1
1805/1/1 0:00,101.7,-1,-1
1805/2/1 0:00,73.5,-1,-1
1805/3/1 0:00,85.7,-1,-1
1805/4/1 0:00,62.5,-1,-1
1805/5/1 0:00,65,-1,-1
1805/6/1 0:00,67.5,-1,-1
1805/7/1 0:00,62.7,-1,-1
1805/8/1 0:00,71.2,-1,-1
1805/9/1 0:00,74,-1,-1
1805/10/1 0:00,49,-1,-1
1805/11/1 0:00,68.3,-1,-1
1805/12/1 0:00,63.8,-1,-1
1806/1/1 0:00,65,-1,-1
1806/2/1 0:00,49.3,-1,-1
1806/3/1 0:00,54.5,-1,-1
1806/4/1 0:00,46.2,-1,-1
1806/5/1 0:00,44,-1,-1
1806/6/1 0:00,42.7,-1,-1
1806/7/1 0:00,50,-1,-1
1806/8/1 0:00,43.8,-1,-1
1806/9/1 0:00,40,-1,-1
1806/10/1 0:00,45,-1,-1
1806/11/1 0:00,41.7,-1,-1
1806/12/1 0:00,40,-1,-1
1807/1/1 0:00,20,-1,-1
1807/2/1 0:00,20.3,-1,-1
1807/3/1 0:00,16,-1,-1
1807/4/1 0:00,39.7,-1,-1
1807/5/1 0:00,16.7,-1,-1
1807/6/1 0:00,20,-1,-1
1807/7/1 0:00,21.2,-1,-1
1807/8/1 0:00,20,-1,-1
1807/9/1 0:00,9.5,-1,-1
1807/10/1 0:00,13.3,-1,-1
1807/11/1 0:00,4.3,-1,-1
1807/12/1 0:00,0,-1,-1
1808/1/1 0:00,0,-1,-1
1808/2/1 0:00,7.5,-1,-1
1808/3/1 0:00,0,-1,-1
1808/4/1 0:00,20.5,-1,-1
1808/5/1 0:00,22.5,-1,-1
1808/6/1 0:00,22.5,-1,-1
1808/7/1 0:00,11.2,-1,-1
1808/8/1 0:00,13.3,-1,-1
1808/9/1 0:00,19.5,-1,-1
1808/10/1 0:00,7.8,-1,-1
1808/11/1 0:00,17.5,-1,-1
1808/12/1 0:00,20.5,-1,-1
1809/1/1 0:00,12,-1,-1
1809/2/1 0:00,15.3,-1,-1
1809/3/1 0:00,1.5,-1,-1
1809/4/1 0:00,4.2,-1,-1
1809/5/1 0:00,3.3,-1,-1
1809/6/1 0:00,12.8,-1,-1
1809/7/1 0:00,0.5,-1,-1
1809/8/1 0:00,0.3,-1,-1
1809/9/1 0:00,0.7,-1,-1
1809/10/1 0:00,0,-1,-1
1809/11/1 0:00,0,-1,-1
1809/12/1 0:00,0,-1,-1
1810/1/1 0:00,0,-1,-1
1810/2/1 0:00,0,-1,-1
1810/3/1 0:00,0,-1,-1
1810/4/1 0:00,0,-1,-1
1810/5/1 0:00,0,-1,-1
1810/6/1 0:00,0,-1,-1
1810/7/1 0:00,0,-1,-1
1810/8/1 0:00,0,-1,-1
1810/9/1 0:00,0,-1,-1
1810/10/1 0:00,0,-1,-1
1810/11/1 0:00,0,-1,-1
1810/12/1 0:00,0,-1,-1
1811/1/1 0:00,0,-1,-1
1811/2/1 0:00,0,-1,-1
1811/3/1 0:00,0,-1,-1
1811/4/1 0:00,0,-1,-1
1811/5/1 0:00,0,-1,-1
1811/6/1 0:00,0,-1,-1
1811/7/1 0:00,11,-1,-1
1811/8/1 0:00,0,-1,-1
1811/9/1 0:00,4,-1,-1
1811/10/1 0:00,10.2,-1,-1
1811/11/1 0:00,1.3,-1,-1
1811/12/1 0:00,1.8,-1,-1
1812/1/1 0:00,18.8,-1,-1
1812/2/1 0:00,3.2,-1,-1
1812/3/1 0:00,1.2,-1,-1
1812/4/1 0:00,0,-1,-1
1812/5/1 0:00,1.7,-1,-1
1812/6/1 0:00,2.2,-1,-1
1812/7/1 0:00,0.8,-1,-1
1812/8/1 0:00,26,-1,-1
1812/9/1 0:00,8.7,-1,-1
1812/10/1 0:00,6.5,-1,-1
1812/11/1 0:00,13.2,-1,-1
1812/12/1 0:00,16.8,-1,-1
1813/1/1 0:00,0,-1,-1
1813/2/1 0:00,17.2,-1,-1
1813/3/1 0:00,3.2,-1,-1
1813/4/1 0:00,27.7,-1,-1
1813/5/1 0:00,9.2,-1,-1
1813/6/1 0:00,18.7,-1,-1
1813/7/1 0:00,30.5,-1,-1
1813/8/1 0:00,14,-1,-1
1813/9/1 0:00,25.5,-1,-1
1813/10/1 0:00,46.3,-1,-1
1813/11/1 0:00,27.8,-1,-1
1813/12/1 0:00,23.8,-1,-1
1814/1/1 0:00,37,-1,-1
1814/2/1 0:00,20,-1,-1
1814/3/1 0:00,9.5,-1,-1
1814/4/1 0:00,39.7,-1,-1
1814/5/1 0:00,9.7,-1,-1
1814/6/1 0:00,24.8,-1,-1
1814/7/1 0:00,30.8,-1,-1
1814/8/1 0:00,3.8,-1,-1
1814/9/1 0:00,13.5,-1,-1
1814/10/1 0:00,32.2,-1,-1
1814/11/1 0:00,24.2,-1,-1
1814/12/1 0:00,33.5,-1,-1
1815/1/1 0:00,32,-1,-1
1815/2/1 0:00,53.7,-1,-1
1815/3/1 0:00,43.7,-1,-1
1815/4/1 0:00,52.7,-1,-1
1815/5/1 0:00,16.3,-1,-1
1815/6/1 0:00,93.2,-1,-1
1815/7/1 0:00,59.2,-1,-1
1815/8/1 0:00,78.7,-1,-1
1815/9/1 0:00,52.5,-1,-1
1815/10/1 0:00,55.8,-1,-1
1815/11/1 0:00,62,-1,-1
1815/12/1 0:00,108.3,-1,-1
1816/1/1 0:00,43.8,-1,-1
1816/2/1 0:00,114.7,-1,-1
1816/3/1 0:00,122.8,-1,-1
1816/4/1 0:00,98,-1,-1
1816/5/1 0:00,73.8,-1,-1
1816/6/1 0:00,72.7,-1,-1
1816/7/1 0:00,64.7,-1,-1
1816/8/1 0:00,38.7,-1,-1
1816/9/1 0:00,79.7,-1,-1
1816/10/1 0:00,94,-1,-1
1816/11/1 0:00,63.5,-1,-1
1816/12/1 0:00,49.8,-1,-1
1817/1/1 0:00,60.7,-1,-1
1817/2/1 0:00,96.5,-1,-1
1817/3/1 0:00,160.3,-1,-1
1817/4/1 0:00,44,-1,-1
1817/5/1 0:00,35.3,-1,-1
1817/6/1 0:00,66.7,-1,-1
1817/7/1 0:00,83.3,-1,-1
1817/8/1 0:00,75,-1,-1
1817/9/1 0:00,61.2,-1,-1
1817/10/1 0:00,42.7,-1,-1
1817/11/1 0:00,48.2,-1,-1
1817/12/1 0:00,47.3,-1,-1
1818/1/1 0:00,58.1,9.7,8
1818/2/1 0:00,37.4,7.8,14
1818/3/1 0:00,42.4,8.3,14
1818/4/1 0:00,57.5,9.6,21
1818/5/1 0:00,88.5,11.9,25
1818/6/1 0:00,60.8,9.9,25
1818/7/1 0:00,46.8,8.7,21
1818/8/1 0:00,52.6,9.2,20
1818/9/1 0:00,43.4,8.3,18
1818/10/1 0:00,52.8,9.2,22
1818/11/1 0:00,18.3,5.5,12
1818/12/1 0:00,43,8.4,13
1819/1/1 0:00,54.7,9.4,12
1819/2/1 0:00,34.6,7.5,10
1819/3/1 0:00,6.3,3.6,23
1819/4/1 0:00,33.7,7.4,23
1819/5/1 0:00,32.6,7.3,31
1819/6/1 0:00,58.3,9.7,23
1819/7/1 0:00,52.5,9.2,15
1819/8/1 0:00,43.5,8.4,24
1819/9/1 0:00,24.8,6.4,27
1819/10/1 0:00,45.9,8.6,22
1819/11/1 0:00,41.8,8.3,19
1819/12/1 0:00,50.9,9.1,20
1820/1/1 0:00,32,7.3,19
1820/2/1 0:00,44.4,8.4,14
1820/3/1 0:00,7.5,3.9,23
1820/4/1 0:00,32.3,7.3,19
1820/5/1 0:00,48.9,8.8,20
1820/6/1 0:00,17.9,5.6,25
1820/7/1 0:00,34.1,7.4,7
1820/8/1 0:00,43.1,8.3,17
1820/9/1 0:00,8.6,4,25
1820/10/1 0:00,14.9,5.2,26
1820/11/1 0:00,13.2,4.8,13
1820/12/1 0:00,15.1,5.2,16
1821/1/1 0:00,36,7.6,8
1821/2/1 0:00,7,3.8,24
1821/3/1 0:00,9.5,4.2,29
1821/4/1 0:00,15.2,5.2,18
1821/5/1 0:00,2.8,2.8,31
1821/6/1 0:00,3,2.9,29
1821/7/1 0:00,4.3,3.2,24
1821/8/1 0:00,8,3.9,26
1821/9/1 0:00,7.3,3.9,29
1821/10/1 0:00,31.4,7.2,28
1821/11/1 0:00,7.3,3.9,27
1821/12/1 0:00,0.4,2.1,31
1822/1/1 0:00,0,2,31
1822/2/1 0:00,1.5,2.5,28
1822/3/1 0:00,26.9,6.6,28
1822/4/1 0:00,21.7,6,26
1822/5/1 0:00,2.4,2.8,30
1822/6/1 0:00,9.3,4.2,29
1822/7/1 0:00,13.2,4.9,29
1822/8/1 0:00,3.4,3,31
1822/9/1 0:00,0,2,30
1822/10/1 0:00,0.6,2.2,31
1822/11/1 0:00,0,2,30
1822/12/1 0:00,0,2,30
1823/1/1 0:00,0,2,31
1823/2/1 0:00,0,2,28
1823/3/1 0:00,1,2.3,29
1823/4/1 0:00,0,2,30
1823/5/1 0:00,0,2,25
1823/6/1 0:00,0,2,23
1823/7/1 0:00,0.8,2.2,24
1823/8/1 0:00,0,2,27
1823/9/1 0:00,0,2,27
1823/10/1 0:00,0,2,20
1823/11/1 0:00,0,2,20
1823/12/1 0:00,34,7.4,18
1824/1/1 0:00,36,7.6,3
1824/2/1 0:00,18,4.8,0
1824/3/1 0:00,0,2,21
1824/4/1 0:00,32.3,7.2,8
1824/5/1 0:00,4.6,3.3,19
1824/6/1 0:00,0,2,25
1824/7/1 0:00,0,2,21
1824/8/1 0:00,2.3,2.7,15
1824/9/1 0:00,34.3,7.5,19
1824/10/1 0:00,42,8.2,25
1824/11/1 0:00,0,2,18
1824/12/1 0:00,1.4,2.4,20
1825/1/1 0:00,8.4,4.1,29
1825/2/1 0:00,25.9,6.6,24
1825/3/1 0:00,37.4,7.8,27
1825/4/1 0:00,6.2,3.6,25
1825/5/1 0:00,25.8,6.4,25
1825/6/1 0:00,25.6,6.5,28
1825/7/1 0:00,51.5,9.1,30
1825/8/1 0:00,42.8,8.3,30
1825/9/1 0:00,26.2,6.6,26
1825/10/1 0:00,26,6.6,25
1825/11/1 0:00,19.6,5.7,18
1825/12/1 0:00,36.7,7.7,23
1826/1/1 0:00,29.4,6.9,21
1826/2/1 0:00,30.2,7,25
1826/3/1 0:00,61.3,9.9,28
1826/4/1 0:00,40,8.1,27
1826/5/1 0:00,53.9,9.3,30
1826/6/1 0:00,61.7,10,29
1826/7/1 0:00,87.5,11.9,30
1826/8/1 0:00,66,10.4,31
1826/9/1 0:00,31.6,7.2,30
1826/10/1 0:00,84.4,11.6,28
1826/11/1 0:00,65.8,10.3,22
1826/12/1 0:00,113.6,13.5,19
1827/1/1 0:00,57.7,9.7,23
1827/2/1 0:00,79,11.3,25
1827/3/1 0:00,96.3,12.4,28
1827/4/1 0:00,76.7,11.1,27
1827/5/1 0:00,93.8,12.3,30
1827/6/1 0:00,94.4,12.3,26
1827/7/1 0:00,70.4,10.6,31
1827/8/1 0:00,89.4,12,29
1827/9/1 0:00,82.6,11.5,30
1827/10/1 0:00,93.5,12.2,27
1827/11/1 0:00,80.4,11.4,20
1827/12/1 0:00,76.8,11.1,25
1828/1/1 0:00,88,11.9,18
1828/2/1 0:00,107.3,13.1,22
1828/3/1 0:00,108.5,13.2,24
1828/4/1 0:00,101.9,12.8,29
1828/5/1 0:00,148.6,15.5,27
1828/6/1 0:00,163.4,16.2,26
1828/7/1 0:00,90.4,12,31
1828/8/1 0:00,127.3,14.3,31
1828/9/1 0:00,83.9,11.6,30
1828/10/1 0:00,91.1,12.1,26
1828/11/1 0:00,95,12.3,22
1828/12/1 0:00,78.1,11.2,15
1829/1/1 0:00,71.6,10.7,14
1829/2/1 0:00,82.3,11.5,20
1829/3/1 0:00,120.6,13.9,26
1829/4/1 0:00,158.4,15.9,29
1829/5/1 0:00,112.3,13.4,29
1829/6/1 0:00,123.2,14.1,28
1829/7/1 0:00,151.5,15.6,28
1829/8/1 0:00,129.3,14.4,27
1829/9/1 0:00,88,11.9,26
1829/10/1 0:00,95.3,12.4,23
1829/11/1 0:00,112.7,13.4,19
1829/12/1 0:00,94.1,12.3,22
1830/1/1 0:00,87,11.8,17
1830/2/1 0:00,120.1,13.9,18
1830/3/1 0:00,141,15.1,20
1830/4/1 0:00,177.3,16.9,26
1830/5/1 0:00,110.5,13.3,28
1830/6/1 0:00,108.4,13.2,27
1830/7/1 0:00,73.2,10.8,26
1830/8/1 0:00,84.6,11.7,25
1830/9/1 0:00,103.4,12.9,24
1830/10/1 0:00,140.6,15,25
1830/11/1 0:00,135.4,14.7,19
1830/12/1 0:00,136.8,14.8,13
1831/1/1 0:00,79,11.3,22
1831/2/1 0:00,83.6,11.6,21
1831/3/1 0:00,155.8,15.8,25
1831/4/1 0:00,90.9,12.1,27
1831/5/1 0:00,63.4,10.1,31
1831/6/1 0:00,55.6,9.4,27
1831/7/1 0:00,75.4,11,29
1831/8/1 0:00,91.6,12.1,28
1831/9/1 0:00,63.2,10.1,22
1831/10/1 0:00,77.1,11.1,23
1831/11/1 0:00,72.5,10.8,15
1831/12/1 0:00,48.3,8.8,15
1832/1/1 0:00,51.5,9.1,11
1832/2/1 0:00,92.6,12.2,23
1832/3/1 0:00,91.9,12.1,21
1832/4/1 0:00,44.8,8.5,27
1832/5/1 0:00,68.9,10.5,28
1832/6/1 0:00,44.5,8.4,22
1832/7/1 0:00,23.3,6.2,25
1832/8/1 0:00,14.8,5.1,31
1832/9/1 0:00,13.7,4.9,29
1832/10/1 0:00,35.2,7.5,25
1832/11/1 0:00,23.8,6.2,18
1832/12/1 0:00,45.8,8.6,17
1833/1/1 0:00,18.7,5.7,22
1833/2/1 0:00,24.9,6.5,21
1833/3/1 0:00,19.6,5.8,19
1833/4/1 0:00,4.6,3.3,27
1833/5/1 0:00,21.5,6,28
1833/6/1 0:00,1.7,2.5,30
1833/7/1 0:00,11.6,4.6,27
1833/8/1 0:00,9.5,4.2,30
1833/9/1 0:00,19.3,5.8,16
1833/10/1 0:00,12.5,4.7,29
1833/11/1 0:00,9.8,4.2,24
1833/12/1 0:00,16.6,5.3,19
1834/1/1 0:00,8.2,4,11
1834/2/1 0:00,30.1,7,20
1834/3/1 0:00,6.5,3.7,24
1834/4/1 0:00,2.4,2.7,25
1834/5/1 0:00,14.8,5,30
1834/6/1 0:00,13.1,4.8,28
1834/7/1 0:00,14.4,5,22
1834/8/1 0:00,6.6,3.7,29
1834/9/1 0:00,19.2,5.6,21
1834/10/1 0:00,41.3,8.2,20
1834/11/1 0:00,50.9,9.1,15
1834/12/1 0:00,57.5,9.6,15
1835/1/1 0:00,12.4,4.7,22
1835/2/1 0:00,40.7,8.1,15
1835/3/1 0:00,32.7,7.3,18
1835/4/1 0:00,102.4,12.8,14
1835/5/1 0:00,72.6,10.8,22
1835/6/1 0:00,55.2,9.4,17
1835/7/1 0:00,99.6,12.7,13
1835/8/1 0:00,98.5,12.6,2
1835/9/1 0:00,168,16.4,11
1835/10/1 0:00,158.6,16,16
1835/11/1 0:00,166.7,16.4,15
1835/12/1 0:00,129.3,14.4,8
1836/1/1 0:00,147.6,15.4,17
1836/2/1 0:00,179.4,17,14
1836/3/1 0:00,163.7,16.2,12
1836/4/1 0:00,238,19.6,16
1836/5/1 0:00,185.7,17.3,23
1836/6/1 0:00,207.9,18.3,15
1836/7/1 0:00,194.6,17.7,15
1836/8/1 0:00,179.6,17,16
1836/9/1 0:00,158.5,16,12
1836/10/1 0:00,228.9,19.2,11
1836/11/1 0:00,201.5,18,11
1836/12/1 0:00,343.8,23.5,4
1837/1/1 0:00,313.4,22.4,10
1837/2/1 0:00,292.6,21.7,13
1837/3/1 0:00,224.3,19,12
1837/4/1 0:00,230.3,19.2,10
1837/5/1 0:00,186.1,17.3,15
1837/6/1 0:00,263.4,20.6,18
1837/7/1 0:00,271.2,20.9,9
1837/8/1 0:00,223.5,18.9,11
1837/9/1 0:00,160.4,16.1,19
1837/10/1 0:00,206.2,18.2,18
1837/11/1 0:00,178.4,16.9,7
1837/12/1 0:00,216.1,18.6,8
1838/1/1 0:00,241.5,19.7,11
1838/2/1 0:00,141.3,15.1,18
1838/3/1 0:00,234.5,19.4,12
1838/4/1 0:00,211.1,18.4,16
1838/5/1 0:00,229.4,19.2,20
1838/6/1 0:00,157.6,15.9,19
1838/7/1 0:00,180.4,17,21
1838/8/1 0:00,131.3,14.5,15
1838/9/1 0:00,122.7,14,23
1838/10/1 0:00,151.5,15.6,16
1838/11/1 0:00,129.2,14.4,16
1838/12/1 0:00,132.9,14.6,14
1839/1/1 0:00,175.9,16.8,15
1839/2/1 0:00,170.8,16.6,12
1839/3/1 0:00,129.5,14.4,15
1839/4/1 0:00,102.9,12.9,14
1839/5/1 0:00,89.6,12,22
1839/6/1 0:00,91.2,12.1,20
1839/7/1 0:00,141.3,15.1,25
1839/8/1 0:00,218.8,18.7,17
1839/9/1 0:00,221.1,18.8,18
1839/10/1 0:00,151.5,15.6,16
1839/11/1 0:00,114.7,13.6,11
1839/12/1 0:00,106.2,13.1,9
1840/1/1 0:00,135.4,14.7,18
1840/2/1 0:00,146.1,15.3,14
1840/3/1 0:00,112.9,13.5,18
1840/4/1 0:00,109.8,13.3,21
1840/5/1 0:00,115.4,13.6,22
1840/6/1 0:00,80.9,11.4,27
1840/7/1 0:00,101,12.7,23
1840/8/1 0:00,96.4,12.4,24
1840/9/1 0:00,123.3,14.1,20
1840/10/1 0:00,91.7,12.1,19
1840/11/1 0:00,90.4,12,20
1840/12/1 0:00,89.5,12,22
1841/1/1 0:00,40.1,8.1,15
1841/2/1 0:00,49.9,8.9,20
1841/3/1 0:00,49.6,8.9,22
1841/4/1 0:00,66.9,10.4,28
1841/5/1 0:00,112.4,13.5,27
1841/6/1 0:00,92.8,12.2,24
1841/7/1 0:00,51.4,9.1,27
1841/8/1 0:00,65.4,10.3,28
1841/9/1 0:00,60.9,9.9,28
1841/10/1 0:00,47.4,8.7,19
1841/11/1 0:00,32.9,7.3,20
1841/12/1 0:00,64.8,10.2,19
1842/1/1 0:00,34,7.5,20
1842/2/1 0:00,36.8,7.8,22
1842/3/1 0:00,36.2,7.7,25
1842/4/1 0:00,44.9,8.5,30
1842/5/1 0:00,41.4,8.2,31
1842/6/1 0:00,34.2,7.4,30
1842/7/1 0:00,21,6,31
1842/8/1 0:00,44.4,8.5,31
1842/9/1 0:00,30.6,7.1,28
1842/10/1 0:00,63.5,10.1,23
1842/11/1 0:00,67.5,10.4,25
1842/12/1 0:00,29.3,6.9,15
1843/1/1 0:00,22.2,6.1,22
1843/2/1 0:00,5.9,3.5,14
1843/3/1 0:00,13.9,5,29
1843/4/1 0:00,15.8,5.2,29
1843/5/1 0:00,35.1,7.6,30
1843/6/1 0:00,17.6,5.4,30
1843/7/1 0:00,15.9,5.2,31
1843/8/1 0:00,19.6,5.8,31
1843/9/1 0:00,6.9,3.7,30
1843/10/1 0:00,8.9,4.1,31
1843/11/1 0:00,31.7,7.2,27
1843/12/1 0:00,21.2,6,16
1844/1/1 0:00,15.7,5.2,24
1844/2/1 0:00,24.5,6.4,22
1844/3/1 0:00,22.5,6.1,21
1844/4/1 0:00,34.6,7.5,28
1844/5/1 0:00,19.2,5.7,25
1844/6/1 0:00,6.2,3.6,29
1844/7/1 0:00,35.2,7.6,29
1844/8/1 0:00,39.7,8.1,28
1844/9/1 0:00,11.6,4.7,27
1844/10/1 0:00,35.9,7.7,25
1844/11/1 0:00,17.9,5.6,16
1844/12/1 0:00,36,7.6,20
1845/1/1 0:00,42.8,8.3,17
1845/2/1 0:00,72.8,10.8,17
1845/3/1 0:00,72.1,10.8,22
1845/4/1 0:00,95,12.3,25
1845/5/1 0:00,79.7,11.3,27
1845/6/1 0:00,51.8,9.2,25
1845/7/1 0:00,51,9.1,24
1845/8/1 0:00,53.9,9.3,27
1845/9/1 0:00,49.3,9,26
1845/10/1 0:00,67.8,10.4,19
1845/11/1 0:00,65.7,10.3,23
1845/12/1 0:00,99.5,12.6,13
1846/1/1 0:00,64.6,10.2,19
1846/2/1 0:00,84.9,11.7,21
1846/3/1 0:00,106.5,13.1,22
1846/4/1 0:00,115.5,13.6,19
1846/5/1 0:00,99.9,12.7,21
1846/6/1 0:00,108.4,13.2,28
1846/7/1 0:00,77.5,11.1,26
1846/8/1 0:00,91.3,12.1,26
1846/9/1 0:00,178.6,16.9,23
1846/10/1 0:00,93.4,12.2,16
1846/11/1 0:00,100.6,12.7,16
1846/12/1 0:00,109.1,13.2,10
1847/1/1 0:00,104.4,12.9,11
1847/2/1 0:00,74.9,10.9,10
1847/3/1 0:00,143,15.1,19
1847/4/1 0:00,74.6,10.9,20
1847/5/1 0:00,125.7,14.2,26
1847/6/1 0:00,142.2,15.1,25
1847/7/1 0:00,87.1,11.8,25
1847/8/1 0:00,234.3,19.4,28
1847/9/1 0:00,268.2,20.7,15
1847/10/1 0:00,300.6,22,19
1847/11/1 0:00,231.5,19.3,20
1847/12/1 0:00,182.6,17.1,14
1848/1/1 0:00,265.2,20.6,14
1848/2/1 0:00,186.4,17.3,13
1848/3/1 0:00,181.2,17.1,17
1848/4/1 0:00,178.6,16.9,18
1848/5/1 0:00,170.5,16.5,27
1848/6/1 0:00,214.9,18.6,24
1848/7/1 0:00,232,19.3,27
1848/8/1 0:00,220.9,18.8,21
1848/9/1 0:00,167.3,16.4,20
1848/10/1 0:00,220.6,18.8,13
1848/11/1 0:00,191,17.5,16
1848/12/1 0:00,265.8,20.7,24
1849/1/1 0:00,298.3,21.4,31
1849/2/1 0:00,250.3,19.5,28
1849/3/1 0:00,182.7,16.6,31
1849/4/1 0:00,194.7,17.1,30
1849/5/1 0:00,153.2,15.1,31
1849/6/1 0:00,154.2,15.2,30
1849/7/1 0:00,148.2,14.9,31
1849/8/1 0:00,128.6,13.8,31
1849/9/1 0:00,178,16.3,30
1849/10/1 0:00,135.7,14.2,31
1849/11/1 0:00,188.2,16.8,30
1849/12/1 0:00,184.3,16.6,31
1850/1/1 0:00,148.2,14.9,31
1850/2/1 0:00,169.8,15.9,28
1850/3/1 0:00,156.8,15.3,31
1850/4/1 0:00,83.8,11.1,30
1850/5/1 0:00,117,13.1,31
1850/6/1 0:00,133,14.1,30
1850/7/1 0:00,74.3,10.5,31
1850/8/1 0:00,117,13.1,31
1850/9/1 0:00,163.7,15.6,30
1850/10/1 0:00,134.9,14.1,31
1850/11/1 0:00,104.1,12.4,30
1850/12/1 0:00,115.9,13.1,31
1851/1/1 0:00,143.5,14.7,31
1851/2/1 0:00,200.1,17.3,28
1851/3/1 0:00,122.8,13.5,31
1851/4/1 0:00,107.3,12.6,30
1851/5/1 0:00,118.9,13.3,31
1851/6/1 0:00,120,13.3,30
1851/7/1 0:00,68.6,10,31
1851/8/1 0:00,109,12.7,31
1851/9/1 0:00,128.9,13.8,30
1851/10/1 0:00,118.7,13.3,31
1851/11/1 0:00,96.8,11.9,30
1851/12/1 0:00,135.5,14.2,31
1852/1/1 0:00,129.9,13.9,31
1852/2/1 0:00,126.2,13.7,29
1852/3/1 0:00,116.2,13.1,31
1852/4/1 0:00,124.3,13.6,30
1852/5/1 0:00,104.3,12.4,31
1852/6/1 0:00,89,11.4,30
1852/7/1 0:00,80,10.8,31
1852/8/1 0:00,75.3,10.5,31
1852/9/1 0:00,71.2,10.2,30
1852/10/1 0:00,127.9,13.8,31
1852/11/1 0:00,103.1,12.3,30
1852/12/1 0:00,86.1,11.3,31
1853/1/1 0:00,77.9,10.7,31
1853/2/1 0:00,81.5,10.9,28
1853/3/1 0:00,71.6,10.2,31
1853/4/1 0:00,90.4,11.5,30
1853/5/1 0:00,65.9,9.8,31
1853/6/1 0:00,76,10.6,30
1853/7/1 0:00,87.2,11.3,31
1853/8/1 0:00,95.8,11.9,31
1853/9/1 0:00,63.7,9.7,30
1853/10/1 0:00,80.5,10.9,31
1853/11/1 0:00,54.7,8.9,30
1853/12/1 0:00,44.5,8,31
1854/1/1 0:00,29.3,6.5,31
1854/2/1 0:00,38,7.4,28
1854/3/1 0:00,39.4,7.6,31
1854/4/1 0:00,50.3,8.6,30
1854/5/1 0:00,45.6,8.2,31
1854/6/1 0:00,40.1,7.6,30
1854/7/1 0:00,35.5,7.2,31
1854/8/1 0:00,30.1,6.6,31
1854/9/1 0:00,42.6,7.9,30
1854/10/1 0:00,24.1,5.9,31
1854/11/1 0:00,53.5,8.8,30
1854/12/1 0:00,41.1,7.7,31
1855/1/1 0:00,23.4,5.8,31
1855/2/1 0:00,21.6,5.6,28
1855/3/1 0:00,33,6.9,31
1855/4/1 0:00,8.4,3.5,30
1855/5/1 0:00,17.3,5,31
1855/6/1 0:00,10,3.8,30
1855/7/1 0:00,0.7,1,31
1855/8/1 0:00,5.9,2.9,31
1855/9/1 0:00,0,0,30
1855/10/1 0:00,18.3,5.1,31
1855/11/1 0:00,7.9,3.4,30
1855/12/1 0:00,5.8,2.9,31
1856/1/1 0:00,1,1.2,31
1856/2/1 0:00,9.3,3.7,29
1856/3/1 0:00,0.7,1,31
1856/4/1 0:00,12.4,4.2,30
1856/5/1 0:00,0,0,31
1856/6/1 0:00,9.8,3.8,30
1856/7/1 0:00,8.8,3.6,31
1856/8/1 0:00,11.3,4,31
1856/9/1 0:00,8.4,3.5,30
1856/10/1 0:00,8.5,3.5,31
1856/11/1 0:00,14.7,4.6,30
1856/12/1 0:00,13.7,4.4,31
1857/1/1 0:00,26,6.1,31
1857/2/1 0:00,14.2,4.5,28
1857/3/1 0:00,10,3.8,31
1857/4/1 0:00,21.1,5.5,30
1857/5/1 0:00,54.2,8.9,31
1857/6/1 0:00,30.5,6.6,30
1857/7/1 0:00,42.2,7.8,31
1857/8/1 0:00,32,6.8,31
1857/9/1 0:00,80.6,10.9,30
1857/10/1 0:00,77.1,10.6,31
1857/11/1 0:00,59.6,9.3,30
1857/12/1 0:00,70.7,10.2,31
1858/1/1 0:00,74.2,10.4,31
1858/2/1 0:00,66.3,9.9,28
1858/3/1 0:00,109.2,12.7,31
1858/4/1 0:00,72.8,10.3,30
1858/5/1 0:00,78.6,10.7,31
1858/6/1 0:00,84.5,11.1,30
1858/7/1 0:00,107.7,12.6,31
1858/8/1 0:00,104.9,12.5,31
1858/9/1 0:00,152.2,15.1,30
1858/10/1 0:00,173.2,16.1,31
1858/11/1 0:00,98.6,12.1,30
1858/12/1 0:00,127,13.7,31
1859/1/1 0:00,159,15.4,31
1859/2/1 0:00,166.4,15.8,28
1859/3/1 0:00,171.5,16,31
1859/4/1 0:00,162.9,15.6,30
1859/5/1 0:00,172.8,16.1,31
1859/6/1 0:00,165.2,15.7,30
1859/7/1 0:00,180.7,16.5,31
1859/8/1 0:00,203,17.5,31
1859/9/1 0:00,200.9,17.4,30
1859/10/1 0:00,217.8,18.1,31
1859/11/1 0:00,184.6,16.6,30
1859/12/1 0:00,153.9,15.1,31
1860/1/1 0:00,156.6,15.3,31
1860/2/1 0:00,167.9,15.9,29
1860/3/1 0:00,188,16.8,31
1860/4/1 0:00,135.7,14.2,30
1860/5/1 0:00,203.5,17.5,31
1860/6/1 0:00,206.3,17.7,30
1860/7/1 0:00,221.9,18.3,31
1860/8/1 0:00,190.5,16.9,31
1860/9/1 0:00,175.2,16.2,30
1860/10/1 0:00,171.1,16,31
1860/11/1 0:00,186,16.7,30
1860/12/1 0:00,181.7,16.5,31
1861/1/1 0:00,118.5,13.2,31
1861/2/1 0:00,147.5,14.8,28
1861/3/1 0:00,192,17,31
1861/4/1 0:00,187.1,16.8,30
1861/5/1 0:00,107.8,12.6,31
1861/6/1 0:00,167.5,15.8,30
1861/7/1 0:00,148.2,14.8,31
1861/8/1 0:00,156.7,15.3,31
1861/9/1 0:00,151.9,15,30
1861/10/1 0:00,127.7,13.8,31
1861/11/1 0:00,102,12.3,30
1861/12/1 0:00,152.8,15.1,31
1862/1/1 0:00,119.9,13.3,31
1862/2/1 0:00,122.4,13.5,28
1862/3/1 0:00,82.7,11,31
1862/4/1 0:00,102.1,12.2,30
1862/5/1 0:00,122.4,13.4,31
1862/6/1 0:00,159.7,15.4,30
1862/7/1 0:00,139.5,14.4,31
1862/8/1 0:00,118.7,13.2,31
1862/9/1 0:00,126.4,13.7,30
1862/10/1 0:00,79.8,10.8,31
1862/11/1 0:00,96,11.9,30
1862/12/1 0:00,77.6,10.7,31
1863/1/1 0:00,91.8,11.6,31
1863/2/1 0:00,107.7,12.6,28
1863/3/1 0:00,126,13.6,31
1863/4/1 0:00,77.1,10.6,30
1863/5/1 0:00,102.1,12.2,31
1863/6/1 0:00,77.6,10.7,30
1863/7/1 0:00,62,9.5,31
1863/8/1 0:00,91.3,11.6,31
1863/9/1 0:00,41.7,7.8,30
1863/10/1 0:00,75.7,10.5,31
1863/11/1 0:00,71.6,10.2,30
1863/12/1 0:00,78.1,10.7,31
1864/1/1 0:00,109.7,12.7,31
1864/2/1 0:00,89.5,11.5,29
1864/3/1 0:00,125.9,13.6,31
1864/4/1 0:00,68.1,10,30
1864/5/1 0:00,77.1,10.6,31
1864/6/1 0:00,109.9,12.8,30
1864/7/1 0:00,103.8,12.4,31
1864/8/1 0:00,104.1,12.5,31
1864/9/1 0:00,54.2,8.9,30
1864/10/1 0:00,64.4,9.7,31
1864/11/1 0:00,109.3,12.7,30
1864/12/1 0:00,54.3,8.9,31
1865/1/1 0:00,92.5,11.7,31
1865/2/1 0:00,74.6,10.5,28
1865/3/1 0:00,75,10.5,31
1865/4/1 0:00,55.9,9,30
1865/5/1 0:00,65.6,9.8,31
1865/6/1 0:00,63.8,9.7,30
1865/7/1 0:00,50.8,8.6,31
1865/8/1 0:00,71.8,10.3,31
1865/9/1 0:00,41,7.7,30
1865/10/1 0:00,32.5,6.9,31
1865/11/1 0:00,46.7,8.2,30
1865/12/1 0:00,24.3,5.9,31
1866/1/1 0:00,60,9.4,31
1866/2/1 0:00,72.9,10.4,28
1866/3/1 0:00,46.6,8.2,31
1866/4/1 0:00,33.5,7,30
1866/5/1 0:00,24.6,6,31
1866/6/1 0:00,31.4,6.7,30
1866/7/1 0:00,17.6,5,31
1866/8/1 0:00,24.2,5.9,31
1866/9/1 0:00,13.9,4.5,30
1866/10/1 0:00,26.8,6.2,31
1866/11/1 0:00,17.2,5,30
1866/12/1 0:00,2.9,2,31
1867/1/1 0:00,0,0,31
1867/2/1 0:00,1.4,1.4,28
1867/3/1 0:00,17.4,5,31
1867/4/1 0:00,9.7,3.7,30
1867/5/1 0:00,5.5,2.8,31
1867/6/1 0:00,2.8,2,30
1867/7/1 0:00,9.5,3.7,31
1867/8/1 0:00,9.1,3.6,31
1867/9/1 0:00,18.7,5.2,30
1867/10/1 0:00,25.5,6.1,31
1867/11/1 0:00,18.1,5.1,30
1867/12/1 0:00,47.9,8.4,31
1868/1/1 0:00,25.9,5.9,31
1868/2/1 0:00,26.3,5.8,29
1868/3/1 0:00,44,7.5,31
1868/4/1 0:00,61.1,8.8,30
1868/5/1 0:00,44.5,7.5,31
1868/6/1 0:00,51.8,8.1,30
1868/7/1 0:00,48.3,7.9,31
1868/8/1 0:00,57.3,8.5,31
1868/9/1 0:00,78.7,10,30
1868/10/1 0:00,102.8,11.4,31
1868/11/1 0:00,98.7,11.2,30
1868/12/1 0:00,112.8,11.9,31
1869/1/1 0:00,101.6,11.3,31
1869/2/1 0:00,99.9,11.2,28
1869/3/1 0:00,88,10.5,31
1869/4/1 0:00,68.4,9.3,30
1869/5/1 0:00,173.4,14.8,31
1869/6/1 0:00,180.7,15.1,30
1869/7/1 0:00,98.8,11.2,31
1869/8/1 0:00,132.7,12.9,31
1869/9/1 0:00,134.5,13,30
1869/10/1 0:00,99,11.2,31
1869/11/1 0:00,130.2,12.8,30
1869/12/1 0:00,174.1,14.8,31
1870/1/1 0:00,129,12.7,31
1870/2/1 0:00,191.7,15.5,28
1870/3/1 0:00,262.7,18.2,31
1870/4/1 0:00,266.9,18.3,30
1870/5/1 0:00,293.6,19.2,31
1870/6/1 0:00,226.3,16.9,30
1870/7/1 0:00,220.9,16.7,31
1870/8/1 0:00,256.5,18,31
1870/9/1 0:00,226.8,16.9,30
1870/10/1 0:00,244.3,17.5,31
1870/11/1 0:00,246,17.6,30
1870/12/1 0:00,216.7,16.5,31
1871/1/1 0:00,147.2,13.6,31
1871/2/1 0:00,209,16.2,28
1871/3/1 0:00,238.7,17.4,31
1871/4/1 0:00,270.9,18.5,30
1871/5/1 0:00,242.6,17.5,31
1871/6/1 0:00,152.9,13.9,30
1871/7/1 0:00,171.8,14.7,31
1871/8/1 0:00,183.7,15.2,31
1871/9/1 0:00,133.9,13,30
1871/10/1 0:00,148.5,13.7,31
1871/11/1 0:00,175.7,14.9,30
1871/12/1 0:00,150.8,13.8,31
1872/1/1 0:00,132.7,12.9,31
1872/2/1 0:00,200.3,15.9,29
1872/3/1 0:00,147.5,13.6,31
1872/4/1 0:00,170.4,14.7,30
1872/5/1 0:00,179.5,15,31
1872/6/1 0:00,183.3,15.2,30
1872/7/1 0:00,176,14.9,31
1872/8/1 0:00,155,14,31
1872/9/1 0:00,191.1,15.5,30
1872/10/1 0:00,171.2,14.7,31
1872/11/1 0:00,186.8,15.3,30
1872/12/1 0:00,139.9,13.3,31
1873/1/1 0:00,144.6,13.5,31
1873/2/1 0:00,178.4,15,28
1873/3/1 0:00,164,14.4,31
1873/4/1 0:00,127.1,12.7,30
1873/5/1 0:00,80,10.1,31
1873/6/1 0:00,74.8,9.8,30
1873/7/1 0:00,111.7,11.9,31
1873/8/1 0:00,113.8,12,31
1873/9/1 0:00,78.7,10,30
1873/10/1 0:00,78.6,10,31
1873/11/1 0:00,92.5,10.8,30
1873/12/1 0:00,82,10.2,31
1874/1/1 0:00,101.4,11.3,31
1874/2/1 0:00,107.1,11.6,28
1874/3/1 0:00,77.5,9.9,31
1874/4/1 0:00,53.5,8.2,30
1874/5/1 0:00,74.6,9.7,31
1874/6/1 0:00,63.8,9,30
1874/7/1 0:00,113.2,11.9,31
1874/8/1 0:00,102.3,11.3,31
1874/9/1 0:00,46.8,7.7,30
1874/10/1 0:00,57.4,8.5,31
1874/11/1 0:00,48.2,7.8,30
1874/12/1 0:00,48.8,7.9,31
1875/1/1 0:00,24.4,5.7,31
1875/2/1 0:00,35.9,6.8,28
1875/3/1 0:00,56.4,8.4,31
1875/4/1 0:00,48.6,7.8,30
1875/5/1 0:00,19.2,5.1,31
1875/6/1 0:00,39.9,7.1,30
1875/7/1 0:00,20.9,5.3,31
1875/8/1 0:00,24.4,5.7,31
1875/9/1 0:00,4,2.9,30
1875/10/1 0:00,21.3,5.3,31
1875/11/1 0:00,29.6,6.3,30
1875/12/1 0:00,16.5,4.8,31
1876/1/1 0:00,23.9,5.7,31
1876/2/1 0:00,25.1,5.7,29
1876/3/1 0:00,51.1,8.1,31
1876/4/1 0:00,3.9,2.9,30
1876/5/1 0:00,8.5,3.7,31
1876/6/1 0:00,2.7,2.6,30
1876/7/1 0:00,25.5,5.8,31
1876/8/1 0:00,14.8,4.5,31
1876/9/1 0:00,16.6,4.8,30
1876/10/1 0:00,23.9,5.6,31
1876/11/1 0:00,16.6,4.8,30
1876/12/1 0:00,13.6,4.4,31
1877/1/1 0:00,40.6,7.2,31
1877/2/1 0:00,14.5,4.4,28
1877/3/1 0:00,19.9,5.2,31
1877/4/1 0:00,26.3,5.9,30
1877/5/1 0:00,36.1,6.8,31
1877/6/1 0:00,23.6,5.5,30
1877/7/1 0:00,10,3.8,31
1877/8/1 0:00,10.5,3.9,31
1877/9/1 0:00,28.1,6,30
1877/10/1 0:00,11.2,4.1,31
1877/11/1 0:00,23.6,5.6,30
1877/12/1 0:00,3.5,2.7,31
1878/1/1 0:00,5.5,3.1,31
1878/2/1 0:00,11,4.1,28
1878/3/1 0:00,13.1,4.3,31
1878/4/1 0:00,0.2,2,30
1878/5/1 0:00,9.9,3.9,31
1878/6/1 0:00,10.7,4,30
1878/7/1 0:00,0.2,2,31
1878/8/1 0:00,0,2,31
1878/9/1 0:00,8.8,3.7,30
1878/10/1 0:00,1.9,2.4,31
1878/11/1 0:00,6.8,3.3,30
1878/12/1 0:00,0.9,2.2,31
1879/1/1 0:00,1.6,2.3,31
1879/2/1 0:00,0.9,2.2,28
1879/3/1 0:00,0,2,31
1879/4/1 0:00,10.4,3.9,30
1879/5/1 0:00,4,2.8,31
1879/6/1 0:00,8,3.6,30
1879/7/1 0:00,12.6,4.2,31
1879/8/1 0:00,17.9,5,31
1879/9/1 0:00,10.1,3.8,30
1879/10/1 0:00,20.4,5.2,31
1879/11/1 0:00,21.9,5.4,30
1879/12/1 0:00,12.2,4.1,31
1880/1/1 0:00,40.1,7.2,31
1880/2/1 0:00,45.4,7.6,29
1880/3/1 0:00,32.1,6.4,31
1880/4/1 0:00,32.4,6.4,30
1880/5/1 0:00,39.1,7.1,31
1880/6/1 0:00,56.9,8.5,30
1880/7/1 0:00,36.5,6.8,31
1880/8/1 0:00,80.3,10.1,31
1880/9/1 0:00,110.1,11.8,30
1880/10/1 0:00,71.7,9.5,31
1880/11/1 0:00,51.1,8.1,30
1880/12/1 0:00,49.4,7.9,31
1881/1/1 0:00,60.6,8.7,31
1881/2/1 0:00,88.6,10.6,28
1881/3/1 0:00,85.8,10.4,31
1881/4/1 0:00,86.1,10.4,30
1881/5/1 0:00,72.5,9.6,31
1881/6/1 0:00,100.8,11.3,30
1881/7/1 0:00,128.2,12.7,31
1881/8/1 0:00,97.3,11.1,31
1881/9/1 0:00,88.6,10.6,30
1881/10/1 0:00,107.3,11.6,31
1881/11/1 0:00,91.5,10.7,30
1881/12/1 0:00,78.8,10,31
1882/1/1 0:00,75,9.7,31
1882/2/1 0:00,115.9,12.1,28
1882/3/1 0:00,111.5,11.8,31
1882/4/1 0:00,159.6,14.2,30
1882/5/1 0:00,106.9,11.6,31
1882/6/1 0:00,75.4,9.8,30
1882/7/1 0:00,75.7,9.8,31
1882/8/1 0:00,67.5,9.2,31
1882/9/1 0:00,96.1,11,30
1882/10/1 0:00,98.6,11.2,31
1882/11/1 0:00,140.6,13.3,30
1882/12/1 0:00,69.7,9.4,31
1883/1/1 0:00,101,11.3,31
1883/2/1 0:00,78.2,10,28
1883/3/1 0:00,71.3,9.5,31
1883/4/1 0:00,136.8,13.1,30
1883/5/1 0:00,52.5,8.1,31
1883/6/1 0:00,127.2,12.7,30
1883/7/1 0:00,134.4,13,31
1883/8/1 0:00,76.6,9.8,31
1883/9/1 0:00,87.8,10.5,30
1883/10/1 0:00,139.6,13.3,31
1883/11/1 0:00,140.8,13.3,30
1883/12/1 0:00,126.5,12.6,31
1884/1/1 0:00,152.6,13.9,31
1884/2/1 0:00,144.8,13.5,29
1884/3/1 0:00,145.8,13.6,31
1884/4/1 0:00,126.9,12.7,30
1884/5/1 0:00,110.9,11.8,31
1884/6/1 0:00,85.3,10.4,30
1884/7/1 0:00,88.5,10.6,31
1884/8/1 0:00,93.1,10.8,31
1884/9/1 0:00,103.1,11.4,30
1884/10/1 0:00,79.6,10,31
1884/11/1 0:00,60.9,8.8,30
1884/12/1 0:00,78.6,10,31
1885/1/1 0:00,71.4,9.5,31
1885/2/1 0:00,119.7,12.3,28
1885/3/1 0:00,82.9,10.2,31
1885/4/1 0:00,91.7,10.8,30
1885/5/1 0:00,121.6,12.4,31
1885/6/1 0:00,139.5,13.3,30
1885/7/1 0:00,110.9,11.8,31
1885/8/1 0:00,83.5,10.3,31
1885/9/1 0:00,66,9.1,30
1885/10/1 0:00,64.5,9.1,31
1885/11/1 0:00,51.6,8.1,30
1885/12/1 0:00,36.3,6.8,31
1886/1/1 0:00,49.8,8,31
1886/2/1 0:00,43.2,7.4,28
1886/3/1 0:00,95.5,11,31
1886/4/1 0:00,72.9,9.6,30
1886/5/1 0:00,51.2,8,31
1886/6/1 0:00,45.3,7.6,30
1886/7/1 0:00,50.4,8,31
1886/8/1 0:00,28.1,6,31
1886/9/1 0:00,35.7,6.8,30
1886/10/1 0:00,14.4,4.3,31
1886/11/1 0:00,0.6,2.1,30
1886/12/1 0:00,21.7,5.3,31
1887/1/1 0:00,17,4.8,31
1887/2/1 0:00,22,5.4,28
1887/3/1 0:00,7.1,3.3,31
1887/4/1 0:00,11.6,4,30
1887/5/1 0:00,33.4,6.5,31
1887/6/1 0:00,26.1,5.7,30
1887/7/1 0:00,38.9,7,31
1887/8/1 0:00,35.7,6.8,31
1887/9/1 0:00,12.4,4.2,30
1887/10/1 0:00,11,3.9,31
1887/11/1 0:00,11.5,4,30
1887/12/1 0:00,34.5,6.6,31
1888/1/1 0:00,21.2,5.3,31
1888/2/1 0:00,11.8,4.1,29
1888/3/1 0:00,13.1,4.3,31
1888/4/1 0:00,8.5,3.5,30
1888/5/1 0:00,11.7,4.1,31
1888/6/1 0:00,11.8,4,30
1888/7/1 0:00,5,2.9,31
1888/8/1 0:00,4.6,2.9,31
1888/9/1 0:00,14.6,4.4,30
1888/10/1 0:00,3.4,2.7,31
1888/11/1 0:00,17.9,4.8,30
1888/12/1 0:00,11.1,3.9,31
1889/1/1 0:00,1.3,2.3,31
1889/2/1 0:00,14.2,4.5,28
1889/3/1 0:00,11.1,4,31
1889/4/1 0:00,7.3,3.4,30
1889/5/1 0:00,4,2.8,31
1889/6/1 0:00,10.8,4,30
1889/7/1 0:00,15.8,4.6,31
1889/8/1 0:00,34.3,6.7,31
1889/9/1 0:00,10.9,3.9,30
1889/10/1 0:00,3.4,2.6,31
1889/11/1 0:00,0.3,2,30
1889/12/1 0:00,11.2,4.1,31
1890/1/1 0:00,8.8,3.6,31
1890/2/1 0:00,1.1,2.2,28
1890/3/1 0:00,8.5,3.6,31
1890/4/1 0:00,2.7,2.5,30
1890/5/1 0:00,7.9,3.5,31
1890/6/1 0:00,2.2,2.4,30
1890/7/1 0:00,19.3,5.1,31
1890/8/1 0:00,14.2,4.4,31
1890/9/1 0:00,28.6,6,30
1890/10/1 0:00,18.6,5,31
1890/11/1 0:00,15.9,4.7,30
1890/12/1 0:00,13.1,4.2,31
1891/1/1 0:00,22.5,5.5,31
1891/2/1 0:00,36.9,6.9,28
1891/3/1 0:00,17.2,4.7,31
1891/4/1 0:00,34.2,6.6,30
1891/5/1 0:00,68.5,9.3,31
1891/6/1 0:00,80.4,10.1,30
1891/7/1 0:00,98,11.1,31
1891/8/1 0:00,55.1,8.3,31
1891/9/1 0:00,89.7,10.7,30
1891/10/1 0:00,86,10.4,31
1891/11/1 0:00,69.8,9.4,30
1891/12/1 0:00,54.3,8.3,31
1892/1/1 0:00,115.2,12.1,31
1892/2/1 0:00,126.1,12.6,29
1892/3/1 0:00,83.3,10.3,31
1892/4/1 0:00,116,12.1,30
1892/5/1 0:00,132.7,12.9,31
1892/6/1 0:00,127.3,12.7,30
1892/7/1 0:00,127.6,12.7,31
1892/8/1 0:00,169,14.6,31
1892/9/1 0:00,104.7,11.5,30
1892/10/1 0:00,117.5,12.2,31
1892/11/1 0:00,108.9,11.7,30
1892/12/1 0:00,131,12.9,31
1893/1/1 0:00,125,10,31
1893/2/1 0:00,121.6,9.8,28
1893/3/1 0:00,109.5,9.3,31
1893/4/1 0:00,146.8,10.8,30
1893/5/1 0:00,141.3,10.6,31
1893/6/1 0:00,149.8,10.9,30
1893/7/1 0:00,147.6,10.9,31
1893/8/1 0:00,215.4,13.1,31
1893/9/1 0:00,129.9,10.2,30
1893/10/1 0:00,133.3,10.3,31
1893/11/1 0:00,125.2,10,30
1893/12/1 0:00,156.4,11.2,31
1894/1/1 0:00,138.6,10.5,31
1894/2/1 0:00,141,10.6,28
1894/3/1 0:00,87.1,8.3,31
1894/4/1 0:00,136,10.4,30
1894/5/1 0:00,168.7,11.6,31
1894/6/1 0:00,164.8,11.5,30
1894/7/1 0:00,176.7,11.9,31
1894/8/1 0:00,117.1,9.6,31
1894/9/1 0:00,110,9.4,30
1894/10/1 0:00,125.7,10,31
1894/11/1 0:00,94.3,8.7,30
1894/12/1 0:00,100.1,8.9,31
1895/1/1 0:00,105.4,9.2,31
1895/2/1 0:00,112,9.4,28
1895/3/1 0:00,101.6,9,31
1895/4/1 0:00,128.2,10.1,30
1895/5/1 0:00,112.5,9.4,31
1895/6/1 0:00,119.1,9.7,30
1895/7/1 0:00,79.7,8,31
1895/8/1 0:00,114.9,9.6,31
1895/9/1 0:00,96.1,8.8,30
1895/10/1 0:00,113.2,9.5,31
1895/11/1 0:00,78.6,7.9,30
1895/12/1 0:00,117.9,9.7,31
1896/1/1 0:00,48.4,6.2,31
1896/2/1 0:00,95.7,8.7,29
1896/3/1 0:00,86.5,8.3,31
1896/4/1 0:00,73,7.6,30
1896/5/1 0:00,46.1,6.1,31
1896/6/1 0:00,81.7,8.1,30
1896/7/1 0:00,75.2,7.7,31
1896/8/1 0:00,45.4,6,31
1896/9/1 0:00,102.2,9,30
1896/10/1 0:00,47.9,6.2,31
1896/11/1 0:00,63.3,7.1,30
1896/12/1 0:00,71,7.5,31
1897/1/1 0:00,67.6,7.3,31
1897/2/1 0:00,49,6.2,28
1897/3/1 0:00,48.7,6.2,31
1897/4/1 0:00,51.7,6.4,30
1897/5/1 0:00,33.3,5.2,31
1897/6/1 0:00,18.9,4,30
1897/7/1 0:00,46.1,6.1,31
1897/8/1 0:00,36.4,5.4,31
1897/9/1 0:00,80.4,8,30
1897/10/1 0:00,23.9,4.5,31
1897/11/1 0:00,14,3.5,30
1897/12/1 0:00,55.5,6.7,31
1898/1/1 0:00,50.4,6.3,31
1898/2/1 0:00,60.7,7,28
1898/3/1 0:00,63.9,7.2,31
1898/4/1 0:00,24.2,4.5,30
1898/5/1 0:00,43,5.9,31
1898/6/1 0:00,37.1,5.4,30
1898/7/1 0:00,15,3.7,31
1898/8/1 0:00,52.3,6.5,31
1898/9/1 0:00,58.1,6.8,30
1898/10/1 0:00,57.1,6.8,31
1898/11/1 0:00,51.6,6.4,30
1898/12/1 0:00,21.1,4.2,31
1899/1/1 0:00,32.4,5.1,31
1899/2/1 0:00,15.3,3.7,28
1899/3/1 0:00,30.3,5,31
1899/4/1 0:00,23.6,4.4,30
1899/5/1 0:00,12.9,3.3,31
1899/6/1 0:00,34.1,5.2,30
1899/7/1 0:00,22.5,4.4,31
1899/8/1 0:00,4.9,2.6,31
1899/9/1 0:00,14,3.5,30
1899/10/1 0:00,21.7,4.4,31
1899/11/1 0:00,13,3.4,30
1899/12/1 0:00,17.6,3.9,31
1900/1/1 0:00,15.7,3.7,31
1900/2/1 0:00,22.8,4.5,28
1900/3/1 0:00,14.4,3.6,31
1900/4/1 0:00,26.8,4.6,30
1900/5/1 0:00,25.3,4.6,31
1900/6/1 0:00,20.1,4.2,30
1900/7/1 0:00,13.9,3.6,31
1900/8/1 0:00,7.1,2.9,31
1900/9/1 0:00,13.9,3.6,30
1900/10/1 0:00,21.6,4.3,31
1900/11/1 0:00,7.5,2.9,30
1900/12/1 0:00,0.5,2,31
1901/1/1 0:00,0.4,2,31
1901/2/1 0:00,4,2.4,28
1901/3/1 0:00,7.4,3,31
1901/4/1 0:00,0,2,30
1901/5/1 0:00,17,4,31
1901/6/1 0:00,9.7,3.1,30
1901/7/1 0:00,1.2,2.1,31
1901/8/1 0:00,1.7,2.2,31
1901/9/1 0:00,0.9,2.1,30
1901/10/1 0:00,6.3,2.8,31
1901/11/1 0:00,6.4,2.7,30
1901/12/1 0:00,0,2,31
1902/1/1 0:00,9.3,3.2,31
1902/2/1 0:00,0,2,28
1902/3/1 0:00,20.7,4.3,31
1902/4/1 0:00,0,2,30
1902/5/1 0:00,4.7,2.5,31
1902/6/1 0:00,2.4,2.3,30
1902/7/1 0:00,1.5,2.2,31
1902/8/1 0:00,3.8,2.4,31
1902/9/1 0:00,12.6,3.5,30
1902/10/1 0:00,27.2,4.7,31
1902/11/1 0:00,17.2,4,30
1902/12/1 0:00,1.8,2.2,31
1903/1/1 0:00,13.9,3.5,31
1903/2/1 0:00,28.4,4.8,28
1903/3/1 0:00,22.5,4.4,31
1903/4/1 0:00,43.5,5.9,30
1903/5/1 0:00,24.3,4.5,31
1903/6/1 0:00,27.2,4.7,30
1903/7/1 0:00,46.4,6.1,31
1903/8/1 0:00,48,6.2,31
1903/9/1 0:00,18.5,4,30
1903/10/1 0:00,64.8,7.2,31
1903/11/1 0:00,74.2,7.7,30
1903/12/1 0:00,76.2,7.8,31
1904/1/1 0:00,52.6,6.5,31
1904/2/1 0:00,40.8,5.7,29
1904/3/1 0:00,61.9,7,31
1904/4/1 0:00,71.6,7.6,30
1904/5/1 0:00,65.7,7.2,31
1904/6/1 0:00,69.8,7.5,30
1904/7/1 0:00,84.3,8.2,31
1904/8/1 0:00,97.1,8.8,31
1904/9/1 0:00,50.2,6.3,30
1904/10/1 0:00,90.4,8.5,31
1904/11/1 0:00,63.4,7.1,30
1904/12/1 0:00,91.1,8.5,31
1905/1/1 0:00,91.2,8.5,31
1905/2/1 0:00,143,10.7,28
1905/3/1 0:00,94.3,8.7,31
1905/4/1 0:00,65.5,7.2,30
1905/5/1 0:00,79.9,8,31
1905/6/1 0:00,81.6,8.1,30
1905/7/1 0:00,121.6,9.8,31
1905/8/1 0:00,98.1,8.8,31
1905/9/1 0:00,91.8,8.5,30
1905/10/1 0:00,131.2,10.2,31
1905/11/1 0:00,178.7,11.9,30
1905/12/1 0:00,92.5,8.6,31
1906/1/1 0:00,75.8,7.8,31
1906/2/1 0:00,52.3,6.5,28
1906/3/1 0:00,107.4,9.2,31
1906/4/1 0:00,92.2,8.6,30
1906/5/1 0:00,96.2,8.7,31
1906/6/1 0:00,105.3,9.2,30
1906/7/1 0:00,172.7,11.7,31
1906/8/1 0:00,79.6,8,31
1906/9/1 0:00,93.5,8.6,30
1906/10/1 0:00,29.7,4.9,31
1906/11/1 0:00,64.8,7.2,30
1906/12/1 0:00,108,9.3,31
1907/1/1 0:00,127.4,10.1,31
1907/2/1 0:00,180.3,12,28
1907/3/1 0:00,101.1,9,31
1907/4/1 0:00,87.6,8.4,30
1907/5/1 0:00,71.4,7.5,31
1907/6/1 0:00,67.2,7.3,30
1907/7/1 0:00,82.9,8.1,31
1907/8/1 0:00,90.5,8.5,31
1907/9/1 0:00,141.7,10.6,30
1907/10/1 0:00,109.1,9.3,31
1907/11/1 0:00,102.5,9,30
1907/12/1 0:00,78.9,7.9,31
1908/1/1 0:00,65.4,7.2,31
1908/2/1 0:00,56.6,6.7,29
1908/3/1 0:00,47.9,6.2,31
1908/4/1 0:00,96.1,8.7,30
1908/5/1 0:00,68,7.4,31
1908/6/1 0:00,80.2,8,30
1908/7/1 0:00,65.8,7.2,31
1908/8/1 0:00,150.9,11,31
1908/9/1 0:00,144.9,10.7,30
1908/10/1 0:00,53.9,6.6,31
1908/11/1 0:00,75.9,7.8,30
1908/12/1 0:00,65.9,7.2,31
1909/1/1 0:00,94.6,8.7,31
1909/2/1 0:00,77.6,7.9,28
1909/3/1 0:00,110.5,9.4,31
1909/4/1 0:00,53.7,6.5,30
1909/5/1 0:00,60,6.9,31
1909/6/1 0:00,37.8,5.5,30
1909/7/1 0:00,59.6,6.9,31
1909/8/1 0:00,38.5,5.5,31
1909/9/1 0:00,64.7,7.2,30
1909/10/1 0:00,97.4,8.8,31
1909/11/1 0:00,93,8.6,30
1909/12/1 0:00,90.2,8.5,31
1910/1/1 0:00,44,5.9,31
1910/2/1 0:00,52.5,6.5,28
1910/3/1 0:00,35.7,5.3,31
1910/4/1 0:00,14.1,3.5,30
1910/5/1 0:00,36.9,5.4,31
1910/6/1 0:00,20.5,4.1,30
1910/7/1 0:00,23.5,4.4,31
1910/8/1 0:00,19.3,4.1,31
1910/9/1 0:00,43.7,5.9,30
1910/10/1 0:00,63.9,7.1,31
1910/11/1 0:00,8.3,3,30
1910/12/1 0:00,9.6,3.1,31
1911/1/1 0:00,5.6,2.6,31
1911/2/1 0:00,15,3.7,28
1911/3/1 0:00,13,3.5,31
1911/4/1 0:00,27.6,4.7,30
1911/5/1 0:00,15.1,3.7,31
1911/6/1 0:00,3.7,2.4,30
1911/7/1 0:00,5.9,2.7,31
1911/8/1 0:00,6.7,2.7,31
1911/9/1 0:00,6.7,2.8,30
1911/10/1 0:00,4.5,2.5,31
1911/11/1 0:00,7,2.7,30
1911/12/1 0:00,3.7,2.4,31
1912/1/1 0:00,0.4,2.1,31
1912/2/1 0:00,0,2,29
1912/3/1 0:00,8.2,2.9,31
1912/4/1 0:00,7.6,3,30
1912/5/1 0:00,7.4,2.8,31
1912/6/1 0:00,6.9,2.7,30
1912/7/1 0:00,4.9,2.6,31
1912/8/1 0:00,0.5,2.1,31
1912/9/1 0:00,15.9,3.7,30
1912/10/1 0:00,7.6,3,31
1912/11/1 0:00,1.9,2.3,30
1912/12/1 0:00,10.6,3.3,31
1913/1/1 0:00,3.8,2.4,31
1913/2/1 0:00,4.8,2.6,28
1913/3/1 0:00,0.8,2.1,31
1913/4/1 0:00,1.6,2.2,30
1913/5/1 0:00,0,2,31
1913/6/1 0:00,0,2,30
1913/7/1 0:00,2.9,2.4,31
1913/8/1 0:00,0.4,2,31
1913/9/1 0:00,2,2.3,30
1913/10/1 0:00,5.2,2.6,31
1913/11/1 0:00,1.2,2.1,30
1913/12/1 0:00,6.3,2.8,31
1914/1/1 0:00,4.7,2.6,31
1914/2/1 0:00,4.4,2.5,28
1914/3/1 0:00,5.3,2.6,31
1914/4/1 0:00,28.9,4.8,30
1914/5/1 0:00,8.7,3.1,31
1914/6/1 0:00,19.1,4.1,30
1914/7/1 0:00,9.1,3,31
1914/8/1 0:00,12.9,3.5,31
1914/9/1 0:00,21.2,4.2,30
1914/10/1 0:00,13.7,3.5,31
1914/11/1 0:00,27.3,4.7,30
1914/12/1 0:00,37.3,5.4,31
1915/1/1 0:00,38.5,5.5,31
1915/2/1 0:00,70.4,7.5,28
1915/3/1 0:00,64.8,7.2,31
1915/4/1 0:00,68.9,7.4,30
1915/5/1 0:00,55.1,6.7,31
1915/6/1 0:00,114.7,9.5,30
1915/7/1 0:00,119.4,9.7,31
1915/8/1 0:00,116,9.6,31
1915/9/1 0:00,82.4,8.1,30
1915/10/1 0:00,89.1,8.4,31
1915/11/1 0:00,70.9,7.5,30
1915/12/1 0:00,57.5,6.8,31
1916/1/1 0:00,75.5,7.8,31
1916/2/1 0:00,92.4,8.6,29
1916/3/1 0:00,111.7,9.4,31
1916/4/1 0:00,119.8,9.8,30
1916/5/1 0:00,124,9.9,31
1916/6/1 0:00,112.9,9.5,30
1916/7/1 0:00,89.3,8.4,31
1916/8/1 0:00,58.6,6.9,31
1916/9/1 0:00,75.1,7.7,30
1916/10/1 0:00,84.5,8.2,31
1916/11/1 0:00,109.5,9.3,30
1916/12/1 0:00,88.3,8.4,31
1917/1/1 0:00,124.5,10,31
1917/2/1 0:00,119.9,9.8,28
1917/3/1 0:00,158,11.2,31
1917/4/1 0:00,124.6,10,30
1917/5/1 0:00,190.2,12.3,31
1917/6/1 0:00,191.4,12.3,30
1917/7/1 0:00,199.7,12.6,31
1917/8/1 0:00,257.7,14.3,31
1917/9/1 0:00,215.6,13.1,30
1917/10/1 0:00,120.3,9.8,31
1917/11/1 0:00,160.7,11.3,30
1917/12/1 0:00,215.5,13.1,31
1918/1/1 0:00,160,11.3,31
1918/2/1 0:00,108.7,9.3,28
1918/3/1 0:00,120.4,9.8,31
1918/4/1 0:00,134.1,10.3,30
1918/5/1 0:00,127.9,10.1,31
1918/6/1 0:00,99,8.9,30
1918/7/1 0:00,179.5,11.9,31
1918/8/1 0:00,169.6,11.6,31
1918/9/1 0:00,133.2,10.3,30
1918/10/1 0:00,141.7,10.6,31
1918/11/1 0:00,139,10.5,30
1918/12/1 0:00,98.5,8.9,31
1919/1/1 0:00,80.2,8,31
1919/2/1 0:00,132.5,10.3,28
1919/3/1 0:00,110.9,9.4,31
1919/4/1 0:00,86.3,8.3,30
1919/5/1 0:00,146.9,10.8,31
1919/6/1 0:00,185.3,12.1,30
1919/7/1 0:00,107.8,9.3,31
1919/8/1 0:00,115.1,9.6,31
1919/9/1 0:00,91.1,8.5,30
1919/10/1 0:00,88,8.4,31
1919/11/1 0:00,69.9,7.5,30
1919/12/1 0:00,58,6.8,31
1920/1/1 0:00,85.3,8.2,31
1920/2/1 0:00,89.8,8.5,29
1920/3/1 0:00,116.9,9.6,31
1920/4/1 0:00,24.7,4.5,30
1920/5/1 0:00,55.4,6.6,31
1920/6/1 0:00,64.6,7.2,30
1920/7/1 0:00,45.7,6,31
1920/8/1 0:00,31.9,5.1,31
1920/9/1 0:00,60.5,7,30
1920/10/1 0:00,82.7,8.1,31
1920/11/1 0:00,45.3,6,30
1920/12/1 0:00,49.8,6.3,31
1921/1/1 0:00,52.5,6.5,31
1921/2/1 0:00,47.1,6.1,28
1921/3/1 0:00,44.5,6,31
1921/4/1 0:00,54,6.6,30
1921/5/1 0:00,37,5.5,31
1921/6/1 0:00,56.2,6.7,30
1921/7/1 0:00,69.7,7.4,31
1921/8/1 0:00,38,5.5,31
1921/9/1 0:00,29.6,4.9,30
1921/10/1 0:00,30.3,5,31
1921/11/1 0:00,29.6,5,30
1921/12/1 0:00,33.9,5.3,31
1922/1/1 0:00,19.7,4.1,31
1922/2/1 0:00,43.9,6,28
1922/3/1 0:00,91.3,8.5,31
1922/4/1 0:00,18.3,4,30
1922/5/1 0:00,13.4,3.5,31
1922/6/1 0:00,9.8,3.1,30
1922/7/1 0:00,18.3,4,31
1922/8/1 0:00,10.9,3.3,31
1922/9/1 0:00,7.8,2.8,30
1922/10/1 0:00,10.4,3.2,31
1922/11/1 0:00,12.2,3.3,30
1922/12/1 0:00,29,5,31
1923/1/1 0:00,7.5,3,31
1923/2/1 0:00,2.5,2.3,28
1923/3/1 0:00,5.5,2.6,31
1923/4/1 0:00,10.2,3.1,30
1923/5/1 0:00,5.3,2.6,31
1923/6/1 0:00,15.3,3.7,30
1923/7/1 0:00,5.9,2.7,31
1923/8/1 0:00,0.8,2.1,31
1923/9/1 0:00,22.1,4.2,30
1923/10/1 0:00,19.5,4,31
1923/11/1 0:00,16.7,3.8,30
1923/12/1 0:00,4.6,2.6,31
1924/1/1 0:00,0.8,2.1,31
1924/2/1 0:00,8.5,3.1,29
1924/3/1 0:00,3,2.4,31
1924/4/1 0:00,18.9,4.2,30
1924/5/1 0:00,34.6,5.3,31
1924/6/1 0:00,40,5.6,30
1924/7/1 0:00,46.9,6.1,31
1924/8/1 0:00,32.1,5.1,31
1924/9/1 0:00,41.9,5.8,30
1924/10/1 0:00,42.6,5.8,31
1924/11/1 0:00,37.5,5.6,30
1924/12/1 0:00,27.5,4.8,31
1925/1/1 0:00,9.1,3.1,31
1925/2/1 0:00,38.6,5.6,28
1925/3/1 0:00,30,5,31
1925/4/1 0:00,53,6.5,30
1925/5/1 0:00,71.4,7.5,31
1925/6/1 0:00,79.1,7.9,30
1925/7/1 0:00,64.2,7.2,31
1925/8/1 0:00,63.3,7.1,31
1925/9/1 0:00,100.3,8.9,30
1925/10/1 0:00,115.3,9.6,31
1925/11/1 0:00,97.6,8.8,30
1925/12/1 0:00,164.4,11.4,31
1926/1/1 0:00,119.7,9.8,31
1926/2/1 0:00,116.4,9.6,28
1926/3/1 0:00,104.2,9.1,31
1926/4/1 0:00,64.2,7.2,30
1926/5/1 0:00,107,9.2,31
1926/6/1 0:00,122.4,9.9,30
1926/7/1 0:00,87.2,8.3,31
1926/8/1 0:00,102.7,9,31
1926/9/1 0:00,101.4,9,30
1926/10/1 0:00,119.3,9.7,31
1926/11/1 0:00,100.8,9,30
1926/12/1 0:00,132.4,10.3,31
1927/1/1 0:00,136,10.4,31
1927/2/1 0:00,155.1,11.1,28
1927/3/1 0:00,116.1,9.6,31
1927/4/1 0:00,155.8,11.1,30
1927/5/1 0:00,131.9,10.2,31
1927/6/1 0:00,98.5,8.8,30
1927/7/1 0:00,91.6,8.5,31
1927/8/1 0:00,89.6,8.4,31
1927/9/1 0:00,114.1,9.5,30
1927/10/1 0:00,105.2,9.1,31
1927/11/1 0:00,112.1,9.4,30
1927/12/1 0:00,75.3,7.7,31
1928/1/1 0:00,139.2,10.5,31
1928/2/1 0:00,122.4,9.9,29
1928/3/1 0:00,142.4,10.7,31
1928/4/1 0:00,134.3,10.3,30
1928/5/1 0:00,128.3,10.1,31
1928/6/1 0:00,152.4,11,30
1928/7/1 0:00,163.4,11.4,31
1928/8/1 0:00,139.6,10.5,31
1928/9/1 0:00,149.6,10.9,30
1928/10/1 0:00,102.3,9,31
1928/11/1 0:00,83.9,8.2,30
1928/12/1 0:00,98.3,8.8,31
1929/1/1 0:00,114.8,9.6,31
1929/2/1 0:00,104.7,9.1,28
1929/3/1 0:00,83.8,8.2,31
1929/4/1 0:00,87.9,8.4,30
1929/5/1 0:00,97,8.8,31
1929/6/1 0:00,119.9,9.8,30
1929/7/1 0:00,117.1,9.6,31
1929/8/1 0:00,109.6,9.3,31
1929/9/1 0:00,57.3,6.8,30
1929/10/1 0:00,90.1,8.5,31
1929/11/1 0:00,135.1,10.4,30
1929/12/1 0:00,179.9,12,31
1930/1/1 0:00,108.8,9.3,31
1930/2/1 0:00,83.1,8.1,28
1930/3/1 0:00,58.4,6.8,31
1930/4/1 0:00,63.7,7.1,30
1930/5/1 0:00,61.4,7,31
1930/6/1 0:00,48,6.2,30
1930/7/1 0:00,36.5,5.4,31
1930/8/1 0:00,41.5,5.7,31
1930/9/1 0:00,53.5,6.5,30
1930/10/1 0:00,57.2,6.8,31
1930/11/1 0:00,59.4,6.9,30
1930/12/1 0:00,43,5.9,31
1931/1/1 0:00,24.4,4.5,31
1931/2/1 0:00,71.8,7.6,28
1931/3/1 0:00,50.1,6.3,31
1931/4/1 0:00,52,6.4,30
1931/5/1 0:00,40.8,5.7,31
1931/6/1 0:00,25.5,4.7,30
1931/7/1 0:00,29,4.8,31
1931/8/1 0:00,21.6,4.3,31
1931/9/1 0:00,31.7,5,30
1931/10/1 0:00,16.6,3.7,31
1931/11/1 0:00,31.2,5.1,30
1931/12/1 0:00,29.7,4.9,31
1932/1/1 0:00,20.1,4.1,31
1932/2/1 0:00,17.6,3.9,29
1932/3/1 0:00,18.8,4,31
1932/4/1 0:00,18.7,4.1,30
1932/5/1 0:00,29.7,4.9,31
1932/6/1 0:00,36.9,5.4,30
1932/7/1 0:00,16,3.8,31
1932/8/1 0:00,11.3,3.3,31
1932/9/1 0:00,6.6,2.7,30
1932/10/1 0:00,14.8,3.5,31
1932/11/1 0:00,13.7,3.5,30
1932/12/1 0:00,18.5,3.9,31
1933/1/1 0:00,20.4,4.2,31
1933/2/1 0:00,36.9,5.6,28
1933/3/1 0:00,16.8,3.8,31
1933/4/1 0:00,4.9,2.6,30
1933/5/1 0:00,5.3,2.6,31
1933/6/1 0:00,8.7,3,30
1933/7/1 0:00,4.7,2.6,31
1933/8/1 0:00,0.4,2,31
1933/9/1 0:00,8.5,3,30
1933/10/1 0:00,5,2.6,31
1933/11/1 0:00,1,2.1,30
1933/12/1 0:00,0.4,2.1,31
1934/1/1 0:00,5.7,2.7,31
1934/2/1 0:00,12.9,3.4,28
1934/3/1 0:00,7.2,2.8,31
1934/4/1 0:00,18.8,4,30
1934/5/1 0:00,32.9,5.2,31
1934/6/1 0:00,11.2,3.3,30
1934/7/1 0:00,15.3,3.7,31
1934/8/1 0:00,13.9,3.6,31
1934/9/1 0:00,6.7,2.8,30
1934/10/1 0:00,9.5,3,31
1934/11/1 0:00,14.5,3.6,30
1934/12/1 0:00,25.7,4.7,31
1935/1/1 0:00,31.1,5,31
1935/2/1 0:00,34.1,5.2,28
1935/3/1 0:00,38.5,5.6,31
1935/4/1 0:00,20.4,4.2,30
1935/5/1 0:00,45.4,6.1,31
1935/6/1 0:00,76.2,7.8,30
1935/7/1 0:00,56.5,6.7,31
1935/8/1 0:00,50.2,6.3,31
1935/9/1 0:00,70.1,7.5,30
1935/10/1 0:00,88.7,8.4,31
1935/11/1 0:00,107,9.2,30
1935/12/1 0:00,102.5,9,31
1936/1/1 0:00,104.7,9.1,31
1936/2/1 0:00,123.9,9.9,29
1936/3/1 0:00,128.4,10.1,31
1936/4/1 0:00,124.8,10,30
1936/5/1 0:00,90.9,8.5,31
1936/6/1 0:00,116.7,9.6,30
1936/7/1 0:00,87.2,8.3,31
1936/8/1 0:00,145,10.7,31
1936/9/1 0:00,126.7,10,30
1936/10/1 0:00,148.2,10.9,31
1936/11/1 0:00,192.3,12.4,30
1936/12/1 0:00,205.6,12.8,31
1937/1/1 0:00,220.9,13.3,31
1937/2/1 0:00,214.1,13,28
1937/3/1 0:00,139.7,10.5,31
1937/4/1 0:00,182.2,12,30
1937/5/1 0:00,194.4,12.4,31
1937/6/1 0:00,217.1,13.1,30
1937/7/1 0:00,241.8,13.9,31
1937/8/1 0:00,229.5,13.5,31
1937/9/1 0:00,167.9,11.6,30
1937/10/1 0:00,208.2,12.9,31
1937/11/1 0:00,123.9,9.9,30
1937/12/1 0:00,147.9,10.8,31
1938/1/1 0:00,164,11.4,31
1938/2/1 0:00,198.6,12.6,28
1938/3/1 0:00,144.2,10.7,31
1938/4/1 0:00,168.4,11.6,30
1938/5/1 0:00,212.3,13,31
1938/6/1 0:00,162.6,11.4,30
1938/7/1 0:00,275.6,14.8,31
1938/8/1 0:00,192.8,12.4,31
1938/9/1 0:00,149.3,10.9,30
1938/10/1 0:00,165.3,11.5,31
1938/11/1 0:00,203.6,12.7,30
1938/12/1 0:00,154.7,11.1,31
1939/1/1 0:00,133.9,10.3,31
1939/2/1 0:00,129,10.1,28
1939/3/1 0:00,107.8,9.3,31
1939/4/1 0:00,181.9,12,30
1939/5/1 0:00,197.3,12.5,31
1939/6/1 0:00,168.3,11.6,30
1939/7/1 0:00,162.6,11.4,31
1939/8/1 0:00,176.3,11.8,31
1939/9/1 0:00,187.7,12.2,30
1939/10/1 0:00,146.9,10.8,31
1939/11/1 0:00,113.7,9.5,30
1939/12/1 0:00,70.2,7.5,31
1940/1/1 0:00,84.1,8.2,31
1940/2/1 0:00,99.1,8.9,29
1940/3/1 0:00,138.9,10.5,31
1940/4/1 0:00,101.1,9,30
1940/5/1 0:00,90.6,8.5,31
1940/6/1 0:00,139.8,10.5,30
1940/7/1 0:00,112.5,9.5,31
1940/8/1 0:00,175.9,11.8,31
1940/9/1 0:00,110.8,9.4,30
1940/10/1 0:00,91.5,8.5,31
1940/11/1 0:00,97.4,8.8,30
1940/12/1 0:00,113.8,9.5,31
1941/1/1 0:00,76.1,7.8,31
1941/2/1 0:00,74.3,7.7,28
1941/3/1 0:00,77.5,7.8,31
1941/4/1 0:00,54.6,6.6,30
1941/5/1 0:00,49,6.3,31
1941/6/1 0:00,99.6,8.9,30
1941/7/1 0:00,111.4,9.4,31
1941/8/1 0:00,100.1,8.9,31
1941/9/1 0:00,109.8,9.4,30
1941/10/1 0:00,77.2,7.8,31
1941/11/1 0:00,64,7.2,30
1941/12/1 0:00,56.2,6.7,31
1942/1/1 0:00,59.5,6.9,31
1942/2/1 0:00,87.9,8.4,28
1942/3/1 0:00,90.4,8.5,31
1942/4/1 0:00,101.2,9,30
1942/5/1 0:00,41.8,5.8,31
1942/6/1 0:00,18.9,4,30
1942/7/1 0:00,29.6,4.9,31
1942/8/1 0:00,33.7,5.2,31
1942/9/1 0:00,28.7,4.8,30
1942/10/1 0:00,32,5.1,31
1942/11/1 0:00,51.3,6.4,30
1942/12/1 0:00,37.6,5.5,31
1943/1/1 0:00,20.7,4.1,31
1943/2/1 0:00,48.1,6.2,28
1943/3/1 0:00,45.7,6,31
1943/4/1 0:00,43.5,5.9,30
1943/5/1 0:00,23.6,4.3,31
1943/6/1 0:00,12.7,3.4,30
1943/7/1 0:00,22,4.3,31
1943/8/1 0:00,32.3,5.1,31
1943/9/1 0:00,16.7,3.9,30
1943/10/1 0:00,13,3.4,31
1943/11/1 0:00,17,3.9,30
1943/12/1 0:00,31.4,5.1,31
1944/1/1 0:00,6.1,2.7,31
1944/2/1 0:00,0.8,2.1,29
1944/3/1 0:00,18.3,4,31
1944/4/1 0:00,0.4,2.1,30
1944/5/1 0:00,4.1,2.6,31
1944/6/1 0:00,8.2,2.8,30
1944/7/1 0:00,8.5,2.9,31
1944/8/1 0:00,27.9,4.8,31
1944/9/1 0:00,23.7,4.4,30
1944/10/1 0:00,28.1,4.8,31
1944/11/1 0:00,17.9,3.9,30
1944/12/1 0:00,47.4,6.2,31
1945/1/1 0:00,30.8,5,31
1945/2/1 0:00,21.2,4.2,28
1945/3/1 0:00,35.9,5.4,31
1945/4/1 0:00,53.4,6.5,30
1945/5/1 0:00,51,6.4,31
1945/6/1 0:00,60.2,6.9,30
1945/7/1 0:00,71,7.5,31
1945/8/1 0:00,43.1,5.9,31
1945/9/1 0:00,58.1,6.8,30
1945/10/1 0:00,114.5,9.5,31
1945/11/1 0:00,76.6,7.8,30
1945/12/1 0:00,45.7,6,31
1946/1/1 0:00,79.3,7.9,31
1946/2/1 0:00,143.8,10.7,28
1946/3/1 0:00,127.7,10.1,31
1946/4/1 0:00,126.1,10,30
1946/5/1 0:00,141.6,10.6,31
1946/6/1 0:00,122.6,9.9,30
1946/7/1 0:00,193.7,12.4,31
1946/8/1 0:00,178.7,11.9,31
1946/9/1 0:00,157.4,11.2,30
1946/10/1 0:00,170.5,11.6,31
1946/11/1 0:00,206.3,12.8,30
1946/12/1 0:00,202.9,12.7,31
1947/1/1 0:00,163.7,8.5,31
1947/2/1 0:00,188.9,9.2,28
1947/3/1 0:00,183.8,9.1,31
1947/4/1 0:00,212.1,9.7,30
1947/5/1 0:00,285,11.3,31
1947/6/1 0:00,232.1,10.2,30
1947/7/1 0:00,223.5,10,31
1947/8/1 0:00,267.4,10.9,31
1947/9/1 0:00,239.9,10.4,30
1947/10/1 0:00,231.7,10.2,31
1947/11/1 0:00,181.3,9,30
1947/12/1 0:00,164.9,8.6,31
1948/1/1 0:00,153.6,8.3,31
1948/2/1 0:00,122,7.4,29
1948/3/1 0:00,134.3,7.7,31
1948/4/1 0:00,268.5,11,30
1948/5/1 0:00,246.4,10.5,31
1948/6/1 0:00,237.5,10.3,30
1948/7/1 0:00,201.4,9.5,31
1948/8/1 0:00,223.7,10,31
1948/9/1 0:00,202.9,9.5,30
1948/10/1 0:00,192.9,9.3,31
1948/11/1 0:00,135.6,7.8,30
1948/12/1 0:00,195.3,9.3,31
1949/1/1 0:00,168.6,8.7,31
1949/2/1 0:00,258,10.8,28
1949/3/1 0:00,223,10,31
1949/4/1 0:00,208.1,9.7,30
1949/5/1 0:00,150.4,8.2,31
1949/6/1 0:00,172.4,8.8,30
1949/7/1 0:00,178.3,8.9,31
1949/8/1 0:00,175.3,8.9,31
1949/9/1 0:00,205.8,9.6,30
1949/10/1 0:00,186.3,9.1,31
1949/11/1 0:00,203.2,9.5,30
1949/12/1 0:00,166.6,8.6,31
1950/1/1 0:00,143.9,8,31
1950/2/1 0:00,134.3,7.7,28
1950/3/1 0:00,155.4,8.3,31
1950/4/1 0:00,160.6,8.5,30
1950/5/1 0:00,150.5,8.2,31
1950/6/1 0:00,118.3,7.3,30
1950/7/1 0:00,128.9,7.6,31
1950/8/1 0:00,120.6,7.3,31
1950/9/1 0:00,72.7,5.7,30
1950/10/1 0:00,87,6.2,31
1950/11/1 0:00,77.7,5.9,30
1950/12/1 0:00,76.7,5.9,31
1951/1/1 0:00,85,6.2,31
1951/2/1 0:00,84.8,6.1,28
1951/3/1 0:00,79.3,5.9,31
1951/4/1 0:00,131.7,7.7,30
1951/5/1 0:00,153.7,8.3,31
1951/6/1 0:00,142.4,8,30
1951/7/1 0:00,87.2,6.2,31
1951/8/1 0:00,86.5,6.2,31
1951/9/1 0:00,117.7,7.2,30
1951/10/1 0:00,73.3,5.7,31
1951/11/1 0:00,74.2,5.7,30
1951/12/1 0:00,65,5.4,31
1952/1/1 0:00,57.9,5.1,31
1952/2/1 0:00,32.4,3.8,29
1952/3/1 0:00,31.5,3.8,31
1952/4/1 0:00,41.7,4.3,30
1952/5/1 0:00,33.6,3.9,31
1952/6/1 0:00,52,4.8,30
1952/7/1 0:00,56.1,5,31
1952/8/1 0:00,77.8,5.9,31
1952/9/1 0:00,40.4,4.3,30
1952/10/1 0:00,34.2,3.9,31
1952/11/1 0:00,31.8,3.8,30
1952/12/1 0:00,48.9,4.7,31
1953/1/1 0:00,37.9,4.1,31
1953/2/1 0:00,5.9,1.7,28
1953/3/1 0:00,14.7,2.6,31
1953/4/1 0:00,39.6,4.2,30
1953/5/1 0:00,18.3,2.9,31
1953/6/1 0:00,31.5,3.8,30
1953/7/1 0:00,12.7,2.4,31
1953/8/1 0:00,33.6,3.9,31
1953/9/1 0:00,28,3.6,30
1953/10/1 0:00,12.3,2.4,31
1953/11/1 0:00,2.5,1.1,30
1953/12/1 0:00,3.9,1.3,31
1954/1/1 0:00,0.4,0.4,31
1954/2/1 0:00,0.8,0.6,28
1954/3/1 0:00,15.8,2.7,31
1954/4/1 0:00,2.7,1.1,30
1954/5/1 0:00,1.2,0.7,31
1954/6/1 0:00,0.4,0.4,30
1954/7/1 0:00,7.3,1.9,31
1954/8/1 0:00,12.6,2.4,31
1954/9/1 0:00,2.3,1,30
1954/10/1 0:00,10.5,2.2,31
1954/11/1 0:00,13.4,2.5,30
1954/12/1 0:00,11.3,2.3,31
1955/1/1 0:00,33.4,3.9,31
1955/2/1 0:00,29.9,3.7,28
1955/3/1 0:00,7.3,1.9,31
1955/4/1 0:00,16.4,2.7,30
1955/5/1 0:00,41.3,4.3,31
1955/6/1 0:00,45.2,4.5,30
1955/7/1 0:00,38.2,4.1,31
1955/8/1 0:00,58,5.1,31
1955/9/1 0:00,60.8,5.2,30
1955/10/1 0:00,83,6.1,31
1955/11/1 0:00,126.3,7.5,30
1955/12/1 0:00,108.8,6.9,31
1956/1/1 0:00,104.1,6.8,31
1956/2/1 0:00,175.6,8.9,29
1956/3/1 0:00,167.7,8.6,31
1956/4/1 0:00,156.7,8.4,30
1956/5/1 0:00,193.4,9.3,31
1956/6/1 0:00,165.1,8.6,30
1956/7/1 0:00,182.7,9,31
1956/8/1 0:00,240.2,10.4,31
1956/9/1 0:00,245.4,10.5,30
1956/10/1 0:00,219.9,9.9,31
1956/11/1 0:00,285,11.3,30
1956/12/1 0:00,272,11,31
1957/1/1 0:00,233.7,10.2,31
1957/2/1 0:00,184.5,9.1,28
1957/3/1 0:00,222.8,10,31
1957/4/1 0:00,248,10.5,30
1957/5/1 0:00,233,10.2,31
1957/6/1 0:00,284.3,11.3,30
1957/7/1 0:00,265.1,10.9,31
1957/8/1 0:00,223.7,10,31
1957/9/1 0:00,334,12.3,30
1957/10/1 0:00,359.4,12.7,31
1957/11/1 0:00,298.6,11.6,30
1957/12/1 0:00,339,12.3,31
1958/1/1 0:00,286.7,11.3,31
1958/2/1 0:00,233.6,10.2,28
1958/3/1 0:00,270,11,31
1958/4/1 0:00,277.6,11.2,30
1958/5/1 0:00,248.2,10.5,31
1958/6/1 0:00,242.9,10.4,30
1958/7/1 0:00,271,11,31
1958/8/1 0:00,283.5,11.3,31
1958/9/1 0:00,285.1,11.3,30
1958/10/1 0:00,256.9,10.7,31
1958/11/1 0:00,215.6,9.8,30
1958/12/1 0:00,265.7,10.9,31
1959/1/1 0:00,307.7,11.7,31
1959/2/1 0:00,202.6,9.5,28
1959/3/1 0:00,263,10.9,31
1959/4/1 0:00,231.3,10.2,30
1959/5/1 0:00,243.6,10.4,31
1959/6/1 0:00,238.9,10.3,30
1959/7/1 0:00,211.9,9.7,31
1959/8/1 0:00,282.6,11.3,31
1959/9/1 0:00,205.6,9.6,30
1959/10/1 0:00,157.7,8.4,31
1959/11/1 0:00,175.6,8.9,30
1959/12/1 0:00,177.1,8.9,31
1960/1/1 0:00,207.2,9.6,31
1960/2/1 0:00,149.9,8.2,29
1960/3/1 0:00,144.6,8,31
1960/4/1 0:00,172.7,8.8,30
1960/5/1 0:00,169.3,8.7,31
1960/6/1 0:00,156,8.3,30
1960/7/1 0:00,172.4,8.8,31
1960/8/1 0:00,190,9.2,31
1960/9/1 0:00,180.1,9,30
1960/10/1 0:00,117.3,7.2,31
1960/11/1 0:00,126.9,7.5,30
1960/12/1 0:00,121.2,7.4,31
1961/1/1 0:00,82.1,6,31
1961/2/1 0:00,65.4,5.4,28
1961/3/1 0:00,75.2,5.8,31
1961/4/1 0:00,86.9,6.2,30
1961/5/1 0:00,72.3,5.7,31
1961/6/1 0:00,109.5,7,30
1961/7/1 0:00,99.3,6.6,31
1961/8/1 0:00,79.2,6,31
1961/9/1 0:00,90.1,6.3,30
1961/10/1 0:00,53.7,4.9,31
1961/11/1 0:00,46.5,4.6,30
1961/12/1 0:00,56.9,5,31
1962/1/1 0:00,55.1,5,31
1962/2/1 0:00,71.7,5.7,28
1962/3/1 0:00,64.9,5.4,31
1962/4/1 0:00,65.9,5.4,30
1962/5/1 0:00,61.9,5.2,31
1962/6/1 0:00,59.6,5.2,30
1962/7/1 0:00,31.4,3.8,31
1962/8/1 0:00,31.5,3.8,31
1962/9/1 0:00,72.7,5.7,30
1962/10/1 0:00,56.1,5,31
1962/11/1 0:00,38.8,4.2,30
1962/12/1 0:00,33.2,3.9,31
1963/1/1 0:00,28.7,3.6,31
1963/2/1 0:00,35.2,4,28
1963/3/1 0:00,24.8,3.4,31
1963/4/1 0:00,41.7,4.3,30
1963/5/1 0:00,61.1,5.2,31
1963/6/1 0:00,51.2,4.8,30
1963/7/1 0:00,28.7,3.6,31
1963/8/1 0:00,47.5,4.6,31
1963/9/1 0:00,55.2,5,30
1963/10/1 0:00,50.1,4.7,31
1963/11/1 0:00,33.7,3.9,30
1963/12/1 0:00,21.6,3.2,31
1964/1/1 0:00,22.6,3.2,31
1964/2/1 0:00,25.3,3.4,29
1964/3/1 0:00,24.1,3.3,31
1964/4/1 0:00,12.9,2.5,30
1964/5/1 0:00,14.3,2.6,31
1964/6/1 0:00,13.5,2.5,30
1964/7/1 0:00,4.8,1.5,31
1964/8/1 0:00,13.8,2.5,31
1964/9/1 0:00,7,1.8,30
1964/10/1 0:00,9.2,2.1,31
1964/11/1 0:00,11.1,2.3,30
1964/12/1 0:00,22.1,3.2,31
1965/1/1 0:00,25.4,3.4,31
1965/2/1 0:00,20.8,3.1,28
1965/3/1 0:00,17.5,2.8,31
1965/4/1 0:00,10.2,2.2,30
1965/5/1 0:00,34.5,3.9,31
1965/6/1 0:00,23.3,3.3,30
1965/7/1 0:00,17.3,2.8,31
1965/8/1 0:00,13.3,2.5,31
1965/9/1 0:00,24.5,3.4,30
1965/10/1 0:00,29.1,3.6,31
1965/11/1 0:00,22.8,3.2,30
1965/12/1 0:00,24.7,3.4,31
1966/1/1 0:00,40.3,4.3,31
1966/2/1 0:00,35.3,4,28
1966/3/1 0:00,36.4,4,31
1966/4/1 0:00,69,5.5,30
1966/5/1 0:00,64.2,5.3,31
1966/6/1 0:00,67.7,5.5,30
1966/7/1 0:00,80.2,6,31
1966/8/1 0:00,72.6,5.7,31
1966/9/1 0:00,71.1,5.6,30
1966/10/1 0:00,81.2,6,31
1966/11/1 0:00,81,6,30
1966/12/1 0:00,99.8,6.7,31
1967/1/1 0:00,157,8.4,31
1967/2/1 0:00,132.6,7.7,28
1967/3/1 0:00,158.3,8.4,31
1967/4/1 0:00,98.4,6.6,30
1967/5/1 0:00,122.5,7.4,31
1967/6/1 0:00,95.4,6.5,30
1967/7/1 0:00,129.5,7.6,31
1967/8/1 0:00,151.8,8.2,31
1967/9/1 0:00,108.7,7,30
1967/10/1 0:00,125,7.5,31
1967/11/1 0:00,133.6,7.7,30
1967/12/1 0:00,179,8.9,31
1968/1/1 0:00,172.5,8.8,31
1968/2/1 0:00,158.5,8.4,29
1968/3/1 0:00,130.5,7.6,31
1968/4/1 0:00,115,7.2,30
1968/5/1 0:00,180,9,31
1968/6/1 0:00,156.2,8.3,30
1968/7/1 0:00,136.2,7.8,31
1968/8/1 0:00,154.8,8.3,31
1968/9/1 0:00,166,8.6,30
1968/10/1 0:00,152.5,8.2,31
1968/11/1 0:00,121.7,7.4,30
1968/12/1 0:00,155.5,8.3,31
1969/1/1 0:00,147.8,8.1,31
1969/2/1 0:00,170.5,8.7,28
1969/3/1 0:00,192.3,9.3,31
1969/4/1 0:00,151.1,8.2,30
1969/5/1 0:00,169.9,8.7,31
1969/6/1 0:00,150.1,8.2,30
1969/7/1 0:00,137.1,7.8,31
1969/8/1 0:00,138.8,7.9,31
1969/9/1 0:00,129.3,7.6,30
1969/10/1 0:00,135.4,7.8,31
1969/11/1 0:00,132.4,7.7,30
1969/12/1 0:00,138.6,7.9,31
1970/1/1 0:00,157.9,8.4,31
1970/2/1 0:00,180.8,9,28
1970/3/1 0:00,145.7,8.1,31
1970/4/1 0:00,155.1,8.3,30
1970/5/1 0:00,180.5,9,31
1970/6/1 0:00,151.3,8.2,30
1970/7/1 0:00,159.3,8.4,31
1970/8/1 0:00,131.7,7.7,31
1970/9/1 0:00,140.8,7.9,30
1970/10/1 0:00,122.6,7.4,31
1970/11/1 0:00,134.8,7.8,30
1970/12/1 0:00,118.2,7.2,31
1971/1/1 0:00,129.2,7.6,31
1971/2/1 0:00,111.8,7,28
1971/3/1 0:00,85.9,6.2,31
1971/4/1 0:00,101.6,6.7,30
1971/5/1 0:00,81.5,6,31
1971/6/1 0:00,70.7,5.6,30
1971/7/1 0:00,114.7,7.1,31
1971/8/1 0:00,87,6.2,31
1971/9/1 0:00,71.3,5.6,30
1971/10/1 0:00,73.4,5.7,31
1971/11/1 0:00,89.5,6.3,30
1971/12/1 0:00,116.5,7.2,31
1972/1/1 0:00,87,6.2,31
1972/2/1 0:00,125.3,7.5,29
1972/3/1 0:00,113.5,7.1,31
1972/4/1 0:00,89.6,6.3,30
1972/5/1 0:00,113.9,7.1,31
1972/6/1 0:00,124.7,7.4,30
1972/7/1 0:00,108.3,6.9,31
1972/8/1 0:00,108.9,7,31
1972/9/1 0:00,90.7,6.4,30
1972/10/1 0:00,86.9,6.2,31
1972/11/1 0:00,59.2,5.2,30
1972/12/1 0:00,64.3,5.4,31
1973/1/1 0:00,61.8,5.2,31
1973/2/1 0:00,60.9,5.2,28
1973/3/1 0:00,65.4,5.4,31
1973/4/1 0:00,81.8,6,30
1973/5/1 0:00,60.3,5.2,31
1973/6/1 0:00,56.1,5,30
1973/7/1 0:00,33.2,3.9,31
1973/8/1 0:00,36.6,4.1,31
1973/9/1 0:00,84.1,6.1,30
1973/10/1 0:00,43.7,4.4,31
1973/11/1 0:00,34.3,3.9,30
1973/12/1 0:00,33.3,3.9,31
1974/1/1 0:00,39.4,4.2,31
1974/2/1 0:00,37.3,4.1,28
1974/3/1 0:00,30.9,3.8,31
1974/4/1 0:00,57.5,5.1,30
1974/5/1 0:00,56.3,5,31
1974/6/1 0:00,51.5,4.8,30
1974/7/1 0:00,79.1,5.9,31
1974/8/1 0:00,47.9,4.6,31
1974/9/1 0:00,57.2,5,30
1974/10/1 0:00,67.2,5.5,31
1974/11/1 0:00,35.9,4,30
1974/12/1 0:00,29.6,3.7,31
1975/1/1 0:00,27.3,3.5,31
1975/2/1 0:00,16.7,2.8,28
1975/3/1 0:00,16.9,2.8,31
1975/4/1 0:00,7.7,1.9,30
1975/5/1 0:00,13.1,2.5,31
1975/6/1 0:00,16.7,2.8,30
1975/7/1 0:00,40.4,4.3,31
1975/8/1 0:00,56.7,5,31
1975/9/1 0:00,20.3,3.1,30
1975/10/1 0:00,13.6,2.5,31
1975/11/1 0:00,27.9,3.6,30
1975/12/1 0:00,11.6,2.3,31
1976/1/1 0:00,11.9,2.3,31
1976/2/1 0:00,6.4,1.7,29
1976/3/1 0:00,31.5,3.8,31
1976/4/1 0:00,27.3,3.5,30
1976/5/1 0:00,18.2,2.9,31
1976/6/1 0:00,17.9,2.9,30
1976/7/1 0:00,2.9,1.2,31
1976/8/1 0:00,24.1,3.3,31
1976/9/1 0:00,20,3,30
1976/10/1 0:00,29.7,3.7,31
1976/11/1 0:00,7.9,1.9,30
1976/12/1 0:00,22.3,3.2,31
1977/1/1 0:00,23.8,3.3,31
1977/2/1 0:00,33.3,3.9,28
1977/3/1 0:00,13,2.5,31
1977/4/1 0:00,19,3,30
1977/5/1 0:00,27,3.5,31
1977/6/1 0:00,54.9,5,30
1977/7/1 0:00,30.6,3.7,31
1977/8/1 0:00,43,4.4,31
1977/9/1 0:00,62.4,5.3,30
1977/10/1 0:00,62.1,5.3,31
1977/11/1 0:00,41.6,4.3,30
1977/12/1 0:00,61.4,5.2,31
1978/1/1 0:00,73.7,5.7,31
1978/2/1 0:00,132.6,7.7,28
1978/3/1 0:00,108.4,6.9,31
1978/4/1 0:00,141.2,7.9,30
1978/5/1 0:00,117.1,7.2,31
1978/6/1 0:00,134.6,7.8,30
1978/7/1 0:00,99.7,6.7,31
1978/8/1 0:00,82.4,6,31
1978/9/1 0:00,195.7,9.3,30
1978/10/1 0:00,177.1,8.9,31
1978/11/1 0:00,138.5,7.9,30
1978/12/1 0:00,173.9,8.8,31
1979/1/1 0:00,235.9,10.3,31
1979/2/1 0:00,194.7,9.3,28
1979/3/1 0:00,195.3,9.3,31
1979/4/1 0:00,143.7,8,30
1979/5/1 0:00,190.3,9.2,31
1979/6/1 0:00,211.7,9.7,30
1979/7/1 0:00,225.7,10,31
1979/8/1 0:00,201.4,9.5,31
1979/9/1 0:00,266.9,10.9,30
1979/10/1 0:00,263.6,10.9,31
1979/11/1 0:00,259.5,10.8,30
1979/12/1 0:00,249.6,10.6,31
1980/1/1 0:00,226.1,10.1,31
1980/2/1 0:00,219.4,9.9,29
1980/3/1 0:00,178.7,8.9,31
1980/4/1 0:00,232.2,10.2,30
1980/5/1 0:00,254.7,10.7,31
1980/6/1 0:00,222.7,10,30
1980/7/1 0:00,192.9,9.3,31
1980/8/1 0:00,191.7,9.3,31
1980/9/1 0:00,219.6,9.9,30
1980/10/1 0:00,233.3,10.2,31
1980/11/1 0:00,209.5,9.7,30
1980/12/1 0:00,246.9,10.5,31
1981/1/1 0:00,156.6,9.5,271
1981/2/1 0:00,189.9,12.4,229
1981/3/1 0:00,196.6,11.6,244
1981/4/1 0:00,225.3,14.9,254
1981/5/1 0:00,194.7,13.4,268
1981/6/1 0:00,131.6,9.5,227
1981/7/1 0:00,205.3,13,268
1981/8/1 0:00,242.5,13.9,276
1981/9/1 0:00,245.3,18.5,255
1981/10/1 0:00,216.2,12.1,243
1981/11/1 0:00,186,14.2,248
1981/12/1 0:00,195.4,11.9,266
1982/1/1 0:00,149.8,10.2,287
1982/2/1 0:00,230.9,13.6,256
1982/3/1 0:00,221.1,11.4,263
1982/4/1 0:00,170.3,8.3,284
1982/5/1 0:00,119.3,8.5,318
1982/6/1 0:00,163.7,11.2,313
1982/7/1 0:00,139.4,14,292
1982/8/1 0:00,161.9,11.8,301
1982/9/1 0:00,167.4,9.7,308
1982/10/1 0:00,134.3,10.4,308
1982/11/1 0:00,127.5,18.6,244
1982/12/1 0:00,169,15.4,262
1983/1/1 0:00,115.5,8.7,267
1983/2/1 0:00,73.1,6.3,261
1983/3/1 0:00,88.7,7.1,259
1983/4/1 0:00,109.6,9.7,282
1983/5/1 0:00,132.5,9.4,330
1983/6/1 0:00,131.5,8.2,361
1983/7/1 0:00,108.9,7.3,431
1983/8/1 0:00,96,8.4,429
1983/9/1 0:00,69.9,5.5,397
1983/10/1 0:00,72.5,7,431
1983/11/1 0:00,45.7,7.3,363
1983/12/1 0:00,45.6,5.5,405
1984/1/1 0:00,74.8,6.5,399
1984/2/1 0:00,110.2,8.1,377
1984/3/1 0:00,116.7,8.7,395
1984/4/1 0:00,90.4,7.6,407
1984/5/1 0:00,96.9,7,462
1984/6/1 0:00,65.1,5.4,438
1984/7/1 0:00,55.7,5.1,468
1984/8/1 0:00,35,3.4,509
1984/9/1 0:00,22.6,3.9,429
1984/10/1 0:00,12.6,3.8,428
1984/11/1 0:00,26.5,4.7,394
1984/12/1 0:00,21.4,3.9,397
1985/1/1 0:00,17.8,3.9,425
1985/2/1 0:00,20.7,3.8,412
1985/3/1 0:00,16.9,3.9,389
1985/4/1 0:00,20.4,3.7,468
1985/5/1 0:00,32.4,3.7,457
1985/6/1 0:00,28.3,3.9,465
1985/7/1 0:00,39.9,3.8,540
1985/8/1 0:00,10.1,3.5,546
1985/9/1 0:00,4.3,2.4,511
1985/10/1 0:00,22,4.2,486
1985/11/1 0:00,17.9,2.6,422
1985/12/1 0:00,15.8,4.6,422
1986/1/1 0:00,2.8,2.8,460
1986/2/1 0:00,27.9,3.6,420
1986/3/1 0:00,13.8,3.8,433
1986/4/1 0:00,22.4,4.1,449
1986/5/1 0:00,16.1,3.6,530
1986/6/1 0:00,0.6,2.1,494
1986/7/1 0:00,18.1,3.9,510
1986/8/1 0:00,9.9,2.3,567
1986/9/1 0:00,5.1,3,505
1986/10/1 0:00,40.1,4.4,507
1986/11/1 0:00,15.4,4.3,515
1986/12/1 0:00,5.8,2.8,544
1987/1/1 0:00,9.8,2.7,487
1987/2/1 0:00,3.4,2.6,429
1987/3/1 0:00,17.4,3,501
1987/4/1 0:00,46,4.4,581
1987/5/1 0:00,39.1,3.5,566
1987/6/1 0:00,18.8,3.5,586
1987/7/1 0:00,38.2,4.3,645
1987/8/1 0:00,47.9,3.3,619
1987/9/1 0:00,42.2,3.5,609
1987/10/1 0:00,63.4,4.8,501
1987/11/1 0:00,48.8,5.1,417
1987/12/1 0:00,29.1,3.2,455
1988/1/1 0:00,70.5,5.5,484
1988/2/1 0:00,45.4,4.6,525
1988/3/1 0:00,91.2,5.7,516
1988/4/1 0:00,108.8,6.7,562
1988/5/1 0:00,74.2,6.1,582
1988/6/1 0:00,124.3,8.3,574
1988/7/1 0:00,131.4,9.6,605
1988/8/1 0:00,139.4,9,649
1988/9/1 0:00,142.7,9.4,551
1988/10/1 0:00,156.5,9.7,530
1988/11/1 0:00,156.8,8.9,488
1988/12/1 0:00,231.2,13.5,490
1989/1/1 0:00,210.1,15,536
1989/2/1 0:00,208.7,12.7,489
1989/3/1 0:00,170.4,10.2,573
1989/4/1 0:00,166.3,9.7,534
1989/5/1 0:00,195.4,10.6,668
1989/6/1 0:00,284.5,15.5,619
1989/7/1 0:00,180.5,10.2,673
1989/8/1 0:00,232,13.5,639
1989/9/1 0:00,225.1,14.9,585
1989/10/1 0:00,212.2,11.2,562
1989/11/1 0:00,238.2,15.2,550
1989/12/1 0:00,211.4,13.5,504
1990/1/1 0:00,227.4,13.6,516
1990/2/1 0:00,171.8,11.3,518
1990/3/1 0:00,191.7,11,592
1990/4/1 0:00,189.7,10.1,575
1990/5/1 0:00,175.2,10,691
1990/6/1 0:00,153.3,9.1,599
1990/7/1 0:00,191.1,9.8,661
1990/8/1 0:00,252.1,12.8,714
1990/9/1 0:00,169.1,9.2,622
1990/10/1 0:00,199.4,12.6,605
1990/11/1 0:00,178.8,12.3,536
1990/12/1 0:00,197.1,12.6,479
1991/1/1 0:00,195.3,14.5,552
1991/2/1 0:00,240.3,13.9,493
1991/3/1 0:00,197,11.8,546
1991/4/1 0:00,197.6,11.9,590
1991/5/1 0:00,166.9,9.9,625
1991/6/1 0:00,224.7,12.9,620
1991/7/1 0:00,240.2,13.7,661
1991/8/1 0:00,240.8,14.3,707
1991/9/1 0:00,168.9,11.3,621
1991/10/1 0:00,197.1,13.2,524
1991/11/1 0:00,159.5,10.1,487
1991/12/1 0:00,212.6,14.1,506
1992/1/1 0:00,198.3,12.9,566
1992/2/1 0:00,230.7,14.5,590
1992/3/1 0:00,151,9.2,537
1992/4/1 0:00,142.2,9.5,660
1992/5/1 0:00,94.3,7.7,746
1992/6/1 0:00,98.5,6.6,706
1992/7/1 0:00,114.2,7.7,761
1992/8/1 0:00,91.9,6.7,794
1992/9/1 0:00,94,5.5,764
1992/10/1 0:00,133.4,8.2,623
1992/11/1 0:00,129.6,8.2,559
1992/12/1 0:00,122,8.4,539
1993/1/1 0:00,81.4,5.9,583
1993/2/1 0:00,127.8,8.3,551
1993/3/1 0:00,102.4,6.6,739
1993/4/1 0:00,94.4,6.7,719
1993/5/1 0:00,78.8,5.7,752
1993/6/1 0:00,69.6,5.4,706
1993/7/1 0:00,80.4,5.4,699
1993/8/1 0:00,62.5,5,809
1993/9/1 0:00,31.2,4.5,709
1993/10/1 0:00,71.1,5.5,630
1993/11/1 0:00,48.2,4.4,551
1993/12/1 0:00,68.4,5.9,562
1994/1/1 0:00,84.9,6.6,582
1994/2/1 0:00,54.9,4.8,539
1994/3/1 0:00,47.5,4.1,728
1994/4/1 0:00,27.4,3.9,763
1994/5/1 0:00,29.8,4.1,789
1994/6/1 0:00,39.7,5,789
1994/7/1 0:00,50.6,4.3,865
1994/8/1 0:00,34.3,3.2,876
1994/9/1 0:00,40.5,4.1,735
1994/10/1 0:00,67.1,4.2,657
1994/11/1 0:00,29.5,4.7,591
1994/12/1 0:00,32.2,3.5,610
1995/1/1 0:00,32.6,5.3,630
1995/2/1 0:00,45.8,3.9,620
1995/3/1 0:00,46.3,3.8,706
1995/4/1 0:00,21.6,3.6,698
1995/5/1 0:00,19.4,2.8,781
1995/6/1 0:00,22.5,3.8,747
1995/7/1 0:00,20.4,3.1,842
1995/8/1 0:00,18.2,3.6,854
1995/9/1 0:00,15.7,3,708
1995/10/1 0:00,30.6,3.7,734
1995/11/1 0:00,14,3.7,594
1995/12/1 0:00,14.9,3.6,515
1996/1/1 0:00,13.3,3.4,535
1996/2/1 0:00,7.7,3.4,532
1996/3/1 0:00,12.6,3.1,621
1996/4/1 0:00,6.8,2.5,678
1996/5/1 0:00,7.6,3.1,676
1996/6/1 0:00,16.5,2.9,682
1996/7/1 0:00,11.8,2.6,766
1996/8/1 0:00,19.7,3.5,759
1996/9/1 0:00,3,2.5,656
1996/10/1 0:00,0.7,2.1,630
1996/11/1 0:00,24.9,4.4,536
1996/12/1 0:00,14,2.9,543
1997/1/1 0:00,7.4,3.2,497
1997/2/1 0:00,11,2.9,545
1997/3/1 0:00,12.1,2.4,627
1997/4/1 0:00,23,3.3,663
1997/5/1 0:00,25.4,2.8,716
1997/6/1 0:00,20.8,2.5,656
1997/7/1 0:00,12.9,4.2,700
1997/8/1 0:00,35.7,3.8,723
1997/9/1 0:00,59.7,4.8,661
1997/10/1 0:00,32.8,3.6,623
1997/11/1 0:00,50.4,4.7,465
1997/12/1 0:00,55.5,4.6,418
1998/1/1 0:00,44.5,4.6,521
1998/2/1 0:00,50.2,4.6,559
1998/3/1 0:00,82,5.9,571
1998/4/1 0:00,70.6,7.2,537
1998/5/1 0:00,74,4.8,620
1998/6/1 0:00,90.5,6,521
1998/7/1 0:00,96.7,6.3,597
1998/8/1 0:00,121.1,7.4,586
1998/9/1 0:00,132,8.6,502
1998/10/1 0:00,78.5,6.6,432
1998/11/1 0:00,97.3,6.8,472
1998/12/1 0:00,119.2,9.4,435
1999/1/1 0:00,86,7.6,475
1999/2/1 0:00,98,7.6,446
1999/3/1 0:00,103.5,6.8,518
1999/4/1 0:00,93.6,7.5,569
1999/5/1 0:00,149.6,8.5,630
1999/6/1 0:00,207.2,10.5,567
1999/7/1 0:00,173.5,9.3,594
1999/8/1 0:00,142.3,12.9,649
1999/9/1 0:00,106.3,6.5,624
1999/10/1 0:00,168.7,10.4,531
1999/11/1 0:00,188.3,12.3,406
1999/12/1 0:00,116.8,9.3,404
2000/1/1 0:00,133.1,10.4,450
2000/2/1 0:00,165.7,10.4,490
2000/3/1 0:00,217.7,11.9,456
2000/4/1 0:00,191.5,10.2,529
2000/5/1 0:00,165.9,10.1,551
2000/6/1 0:00,188,8.8,532
2000/7/1 0:00,244.3,12,507
2000/8/1 0:00,180.5,9.4,626
2000/9/1 0:00,156,11.2,558
2000/10/1 0:00,141.6,8,483
2000/11/1 0:00,158.1,8.9,380
2000/12/1 0:00,143.3,8.7,391
2001/1/1 0:00,142.6,9.2,437
2001/2/1 0:00,121.5,8.1,453
2001/3/1 0:00,165.8,11.9,485
2001/4/1 0:00,161.7,9.4,578
2001/5/1 0:00,142.1,8.3,578
2001/6/1 0:00,202.9,10.8,586
2001/7/1 0:00,123,8.4,645
2001/8/1 0:00,161.5,9.3,654
2001/9/1 0:00,238.2,12.1,518
2001/10/1 0:00,194.1,11.3,628
2001/11/1 0:00,176.6,13.3,509
2001/12/1 0:00,213.4,12.5,487
2002/1/1 0:00,184.6,11.7,500
2002/2/1 0:00,170.2,11.3,475
2002/3/1 0:00,147.1,9.1,580
2002/4/1 0:00,186.9,9.8,603
2002/5/1 0:00,187.5,9.7,595
2002/6/1 0:00,128.8,7.7,569
2002/7/1 0:00,161,11,628
2002/8/1 0:00,175.6,9.8,663
2002/9/1 0:00,187.9,10.1,554
2002/10/1 0:00,151.2,8,543
2002/11/1 0:00,147.2,8.2,470
2002/12/1 0:00,135.3,10,408
2003/1/1 0:00,133.5,7.4,482
2003/2/1 0:00,75.7,5.7,538
2003/3/1 0:00,100.7,7.5,633
2003/4/1 0:00,97.9,6.4,619
2003/5/1 0:00,86.8,6.6,606
2003/6/1 0:00,118.7,7.9,672
2003/7/1 0:00,128.3,7.9,677
2003/8/1 0:00,115.4,7.3,721
2003/9/1 0:00,78.5,5.8,685
2003/10/1 0:00,97.8,8.8,570
2003/11/1 0:00,82.9,6.3,443
2003/12/1 0:00,72.2,5.3,441
2004/1/1 0:00,60.6,5.2,491
2004/2/1 0:00,74.6,6,479
2004/3/1 0:00,74.8,5.1,594
2004/4/1 0:00,59.2,5.1,601
2004/5/1 0:00,72.8,5.7,614
2004/6/1 0:00,66.5,6.8,646
2004/7/1 0:00,83.8,8.8,709
2004/8/1 0:00,69.7,5.5,686
2004/9/1 0:00,48.8,5.3,604
2004/10/1 0:00,74.2,5.5,539
2004/11/1 0:00,70.1,5.4,477
2004/12/1 0:00,28.9,3.4,442
2005/1/1 0:00,48.1,4.6,536
2005/2/1 0:00,43.5,4.3,500
2005/3/1 0:00,39.6,3.8,607
2005/4/1 0:00,38.7,3.8,598
2005/5/1 0:00,61.9,5.7,641
2005/6/1 0:00,56.8,5.3,675
2005/7/1 0:00,62.4,6.1,678
2005/8/1 0:00,60.5,5.3,706
2005/9/1 0:00,37.2,4.5,691
2005/10/1 0:00,13.2,3.4,534
2005/11/1 0:00,27.5,4.1,499
2005/12/1 0:00,59.3,3.9,419
2006/1/1 0:00,20.9,3.4,511
2006/2/1 0:00,5.7,3.7,434
2006/3/1 0:00,17.3,4.2,502
2006/4/1 0:00,50.3,5.1,550
2006/5/1 0:00,37.2,3.9,566
2006/6/1 0:00,24.5,3.3,566
2006/7/1 0:00,22.2,2.4,628
2006/8/1 0:00,20.8,2.5,650
2006/9/1 0:00,23.7,3,567
2006/10/1 0:00,14.9,2.4,537
2006/11/1 0:00,35.7,3.5,444
2006/12/1 0:00,22.3,3.5,415
2007/1/1 0:00,29.3,2.8,474
2007/2/1 0:00,18.4,2.7,423
2007/3/1 0:00,7.2,2.8,611
2007/4/1 0:00,5.4,2.4,650
2007/5/1 0:00,19.5,3.3,615
2007/6/1 0:00,21.3,3.4,607
2007/7/1 0:00,15.1,1.9,703
2007/8/1 0:00,9.8,2.2,669
2007/9/1 0:00,4,2.1,637
2007/10/1 0:00,1.5,2.4,547
2007/11/1 0:00,2.8,2.5,437
2007/12/1 0:00,17.3,3.1,468
2008/1/1 0:00,4.1,2.8,480
2008/2/1 0:00,2.9,2.4,490
2008/3/1 0:00,15.5,2.7,548
2008/4/1 0:00,3.6,2.3,562
2008/5/1 0:00,4.6,3.2,637
2008/6/1 0:00,5.2,2.3,637
2008/7/1 0:00,0.6,2,664
2008/8/1 0:00,0.3,2,525
2008/9/1 0:00,1.2,2.4,605
2008/10/1 0:00,4.2,2.9,571
2008/11/1 0:00,6.6,2.4,445
2008/12/1 0:00,1,2,480
2009/1/1 0:00,1.3,2,317
2009/2/1 0:00,1.2,2.2,385
2009/3/1 0:00,0.6,2,523
2009/4/1 0:00,1.2,2.2,586
2009/5/1 0:00,2.9,2.4,610
2009/6/1 0:00,6.3,2.7,623
2009/7/1 0:00,5.5,2.6,671
2009/8/1 0:00,0,2,691
2009/9/1 0:00,7.1,2.2,628
2009/10/1 0:00,7.7,2.7,564
2009/11/1 0:00,6.9,3.2,452
2009/12/1 0:00,16.3,3.5,415
2010/1/1 0:00,19.5,2.5,413
2010/2/1 0:00,28.5,2.7,376
2010/3/1 0:00,24,3.6,564
2010/4/1 0:00,10.4,3.3,592
2010/5/1 0:00,13.9,3.4,573
2010/6/1 0:00,18.8,3,600
2010/7/1 0:00,25.2,3.4,718
2010/8/1 0:00,29.6,3.4,689
2010/9/1 0:00,36.4,4,505
2010/10/1 0:00,33.6,3.9,501
2010/11/1 0:00,34.4,3.7,404
2010/12/1 0:00,24.5,3.6,393
2011/1/1 0:00,27.3,3.1,417
2011/2/1 0:00,48.3,5.1,399
2011/3/1 0:00,78.6,6.9,566
2011/4/1 0:00,76.1,6.2,557
2011/5/1 0:00,58.2,5,607
2011/6/1 0:00,56.1,5,544
2011/7/1 0:00,64.5,4.8,549
2011/8/1 0:00,65.8,5.6,605
2011/9/1 0:00,120.1,8.8,535
2011/10/1 0:00,125.7,9,503
2011/11/1 0:00,139.1,9.9,434
2011/12/1 0:00,109.3,8.4,361
2012/1/1 0:00,94.4,7.1,386
2012/2/1 0:00,47.8,4.4,388
2012/3/1 0:00,86.6,7.3,500
2012/4/1 0:00,85.9,6.9,479
2012/5/1 0:00,96.5,7.2,543
2012/6/1 0:00,92,6.5,498
2012/7/1 0:00,100.1,7.3,601
2012/8/1 0:00,94.8,6.5,612
2012/9/1 0:00,93.7,8.1,511
2012/10/1 0:00,76.5,5.1,493
2012/11/1 0:00,87.6,6.5,382
2012/12/1 0:00,56.8,5.1,360
2013/1/1 0:00,96.1,6.3,362
2013/2/1 0:00,60.9,4.4,363
2013/3/1 0:00,78.3,6.1,429
2013/4/1 0:00,107.3,6.8,509
2013/5/1 0:00,120.2,8.2,487
2013/6/1 0:00,76.7,5.2,469
2013/7/1 0:00,86.2,6.7,575
2013/8/1 0:00,91.8,6.6,563
2013/9/1 0:00,54.5,5.3,446
2013/10/1 0:00,114.4,8.2,421
2013/11/1 0:00,113.9,8.2,321
2013/12/1 0:00,124.2,9.1,402
2014/1/1 0:00,117,8.2,398
2014/2/1 0:00,146.1,10.7,384
2014/3/1 0:00,128.7,8.6,493
2014/4/1 0:00,112.5,6.9,486
2014/5/1 0:00,112.5,7.5,493
2014/6/1 0:00,102.9,7.7,469
2014/7/1 0:00,100.2,7.4,477
2014/8/1 0:00,106.9,7.6,486
2014/9/1 0:00,130,8.7,419
2014/10/1 0:00,90,6.9,440
2014/11/1 0:00,103.6,8.5,397
2014/12/1 0:00,112.9,7.4,331
2015/1/1 0:00,93,7.5,546
2015/2/1 0:00,66.7,5.3,442
2015/3/1 0:00,54.5,4.8,628
2015/4/1 0:00,75.3,8.2,847
2015/5/1 0:00,88.8,8.6,895
2015/6/1 0:00,66.5,6.3,826
2015/7/1 0:00,65.8,5.7,977
2015/8/1 0:00,64.4,5.2,892
2015/9/1 0:00,78.6,6.4,862
2015/10/1 0:00,63.6,5.4,662
2015/11/1 0:00,62.2,5.2,622
2015/12/1 0:00,58,5.4,704
2016/1/1 0:00,57,4.7,634
2016/2/1 0:00,56.4,5.1,662
2016/3/1 0:00,54.1,4.9,873
2016/4/1 0:00,37.9,3.5,865
2016/5/1 0:00,51.5,4.7,878
2016/6/1 0:00,20.5,2,942
2016/7/1 0:00,32.4,3.8,1025
2016/8/1 0:00,50.2,4.5,1067
2016/9/1 0:00,44.6,3.8,900
2016/10/1 0:00,33.4,3.1,782
2016/11/1 0:00,21.4,2.6,689
2016/12/1 0:00,18.5,2.4,623
2017/1/1 0:00,26.1,2.5,830
2017/2/1 0:00,26.4,3.7,542
2017/3/1 0:00,17.7,2.6,1011
2017/4/1 0:00,32.3,3.7,920
2017/5/1 0:00,18.9,1.8,1101
2017/6/1 0:00,19.2,1.4,1136
2017/7/1 0:00,17.8,2.6,1093
2017/8/1 0:00,32.6,2.9,1002
2017/9/1 0:00,43.7,4.1,973
2017/10/1 0:00,13.2,1,1125
2017/11/1 0:00,5.7,0.5,997
2017/12/1 0:00,8.2,1.2,714
2018/1/1 0:00,6.8,1.5,701
2018/2/1 0:00,10.7,1.1,917
2018/3/1 0:00,2.5,0.4,1081
2018/4/1 0:00,8.9,1.3,996
2018/5/1 0:00,13.1,1.6,1234
2018/6/1 0:00,15.6,1.6,1070
2018/7/1 0:00,1.6,0.6,1438
2018/8/1 0:00,8.7,1,1297
2018/9/1 0:00,3.3,0.6,1223
2018/10/1 0:00,4.9,1.2,1097
2018/11/1 0:00,4.9,0.6,771
2018/12/1 0:00,3.1,0.5,786
2019/1/1 0:00,7.7,0.8,841
2019/2/1 0:00,0.8,0.1,1042
2019/3/1 0:00,9.4,1,995
2019/4/1 0:00,9.1,0.7,1039
2019/5/1 0:00,9.9,0.7,1159
2019/6/1 0:00,1.2,0.7,1273
2019/7/1 0:00,0.9,0.2,1214
2019/8/1 0:00,0.5,0.1,1344
2019/9/1 0:00,1.1,0.3,1225
2019/10/1 0:00,0.4,0.1,1065
2019/11/1 0:00,0.5,0.1,832
2019/12/1 0:00,1.5,0.5,855
2020/1/1 0:00,6.2,0.7,795
2020/2/1 0:00,0.2,0.1,967
2020/3/1 0:00,1.5,0.1,1055
2020/4/1 0:00,5.2,0.6,1234
2020/5/1 0:00,0.2,0.1,1363
2020/6/1 0:00,5.8,0.6,1196
2020/7/1 0:00,6.3,0.5,1122
2020/8/1 0:00,7.6,1.3,1091
2020/9/1 0:00,0.7,0.3,1017
2020/10/1 0:00,14.4,1.2,662
2020/11/1 0:00,34,2.9,661
